Date,Day,Base,Intrigue,Seaside,Alchemy,Prosperity,Cornucopia,Hinterlands,Dark Ages,Guilds,Adventures,Empires,Nocturne,Renaissance,Menagerie,Allies,Plunder,Count,Card 1,Card 2,Card 3,Card 4,Card 5,Card 6,Card 7,Card 8,Card 9,Card 10,Landscape/Extra 1,Landscape/Extra 2,Landscape/Extra 3,Landscape/Extra 4,Notes
7/17/24,Wed,,,,X,,,X,,,,,,,,,,2,Fool's Gold,Apothecary,Guard Dog,Philosopher's Stone,Trader,Apprentice,Margrave,Souk,Stables,Wheelwright,,,,,
7/16/24,Tue,,,,,,,,,,X,,,,,,,1,Page,Raze,Caravan Guard,Duplicate,Port,Ranger,Artificer,Distant Lands,Giant,Relic,Save,Lost Arts,,,
7/15/24,Mon,X,,,,,,,,,X,,,,,,,2,Amulet,Merchant,Port,Smithy,Artificer,Bandit,Distant Lands,Market,Relic,Hireling,Bonfire,Borrow,,,
7/14/24,Sun,X,X,X,,X,,X,X,X,,X,,X,,,X,10,Improve,Oasis,Wishing Well,Crucible,Procession,Sailor,Cartographer,Collection,Mine,Fairgrounds,Wedding,Guildhall,,,
7/13/24,Sat,X,,X,,,,,,X,X,X,X,,,X,X,8,Chapel,Enchantress,Gear,Landing Party,Swamp Shacks,Figurine,Guildmaster,Merchant Guild,Vampire,Wharf,Circle of Witches,Orchard,,,
7/12/24,Fri,X,X,,,,,,,,,,,,X,,,3,Harbinger,Merchant,Scrap,Shanty Town,Militia,Moneylender,Poacher,Replace,Trading Post,Nobles,Pursue,Way of the Mule,,,
7/11/24,Thu,,,,,X,,,,,,,X,,,,,2,Druid,Guardian,Tracker,Fool,Ghost Town,Worker's Village,Cobbler,Tormentor,Werewolf,Hoard,,,,,
7/10/24,Wed,,,,,,,X,,,,,,X,,,,2,Scheme,Tunnel,Jack of all Trades,Patron,Priest,Old Witch,Scholar,Spices,Stables,Farmland,Barracks,Exploration,,,
7/9/24,Tue,,,,,,,,X,,,,,,,,,1,Vagrant,Market Square,Armory,Death Cart,Scavenger,Wandering Minstrel,Band of Misfits,Counterfeit,Junk Dealer,Hunting Grounds,,,,,
7/8/24,Mon,X,,,,,,,,X,,,,,,,,2,Stonemason,Merchant,Vassal,Village,Moneylender,Herald,Bandit,Merchant Guild,Mine,Artisan,,,,,
7/7/24,Sun,X,,,,,,X,X,X,,,,X,X,X,X,8,Lackeys,Farrier,Oasis,Band of Misfits,Buried Treasure,Council Room,Gatekeeper,Kiln,Modify,Pillage,Way of the Squirrel,,,,
7/6/24,Sat,,X,,,X,,,X,,,,X,,X,,X,6,Beggar,Bridge,Ironworks,Secret Passage,Crypt,Displace,Rabble,Altar,Wayfarer,Bank,Desperation,Journey,,,
7/5/24,Fri,,,,,,,,X,,,,,X,X,,,3,Black Cat,Squire,Vagrant,Stockpile,Fortress,Marauder,Scavenger,Hunting Lodge,Junk Dealer,Treasurer,Invest,Way of the Squirrel,,,
7/4/24,Thu,,,,,,,,X,,,,,,,,X,2,Cage,Vagrant,Armory,Rope,Tools,Band of Misfits,Counterfeit,Pickaxe,Wealthy Village,Hunting Grounds,Inherited,Fawning,,,Inherited trait for Wealthy Village; Fawning trait for Cage
7/3/24,Wed,,,,,,,,,,,X,X,,,,,2,City Quarter,Guardian,Enchantress,Leprechaun,Night Watchman,Exorcist,Villa,Cobbler,Cursed Village,Pooka,Arena,Mountain Pass,,,
7/2/24,Tue,,,X,,,,,,,,,,,,,,1,Haven,Lighthouse,Native Village,Astrolabe,Smugglers,Caravan,Salvager,Merchant Ship,Treasury,Wharf,,,,,
7/1/24,Mon,X,,,,,,,,,,,,,X,,,2,Black Cat,Cellar,Camel Train,Merchant,Snowy Village,Militia,Poacher,Village Green,Hunting Lodge,Wayfarer,Ride,Way of the Chameleon,,,
6/30/24,Sun,X,X,,,X,X,X,X,,,,X,X,X,X,,10,Importer,Scheme,Devil's Workshop,Fortress,Royal Galley,Emissary,Horn of Plenty,Trading Post,Artisan,Expand,Way of the Goat,Sewers,Cave Dwellers,,
6/29/24,Sat,,,,,X,,X,,,X,X,X,X,X,,X,8,Monastery,Catapult,Secret Cave,Bounty Hunter,Hostelry,Jack of all Trades,Landing Party,Monument,Priest,Charlatan,Bonfire,Commerce,,,
6/28/24,Fri,,X,,X,,,X,,,,,,,,,,3,University,Oasis,Wishing Well,Conspirator,Ironworks,Mill,Margrave,Witch's Hut,Farmland,Nobles,,,,,
6/27/24,Thu,,,,,,,X,,,X,,,,,,,2,Page,Magpie,Spice Merchant,Trail,Transmogrify,Berserker,Souk,Wheelwright,Wine Merchant,Witch's Hut,Ball,Training,,,
6/26/24,Wed,,X,,,,X,,,,,,,,,,,2,Hamlet,Shop,Steward,Wishing Well,Mining Village,Secret Passage,Courtier,Duke,Replace,Fairgrounds,,,,,
6/25/24,Tue,,,,,,,,,,,X,,,,,,1,Encampment,Patrician,Settlers,Castles,Chariot Race,Farmers' Market,Temple,Archive,Capital,Crown,Triumph,Banquet,,,
6/24/24,Mon,X,,,X,,,,,,,,,,,,,2,Vineyard,Chapel,Moat,Vassal,Workshop,Alchemist,Council Room,Laboratory,Library,Artisan,,,,,
6/23/24,Sun,,,X,X,,,X,X,,X,,X,,X,X,X,9,Black Cat,Jewelled Egg,Pixie,Scrying Pool,Merchant Camp,Crucible,Miser,Spice Merchant,Bazaar,Altar,Rich,Rush,,,Rich trait for Altar
6/22/24,Sat,,,X,X,,,,X,X,,X,X,X,,X,X,9,Candlestick Maker,Lighthouse,Forager,Leprechaun,Infirmary,Alchemist,Innkeeper,Tide Pools,Longship,Rogue,Wedding,Capitalism,,,
6/21/24,Fri,,X,,,,X,,,,X,,,,,,,3,Lurker,Guide,Magpie,Mining Village,Miser,Young Witch,Haunted Woods,Horn of Plenty,Patrol,Hireling,Raid,Lost Arts,,,
6/20/24,Thu,,,,X,,,,,,,X,,,,,,2,Engineer,City Quarter,Settlers,University,Chariot Race,Familiar,Sacrifice,Golem,Apprentice,Groundskeeper,Conquest,Tower,,,
6/19/24,Wed,,,,,,,,,,X,,,,,X,,2,Bauble,Amulet,Forts,Carpenter,Duplicate,Messenger,Royal Galley,Transmogrify,Capital City,Galleria,Scouting Party,Ferry,Desert Guides,,
6/18/24,Tue,,,,,,,,,,,,,,,X,,1,Townsfolk,Importer,Odysseys,Sentinel,Underling,Wizards,Capital City,Contract,Galleria,Hunter,Order of Astrologers,,,,
6/17/24,Mon,X,,,,X,,,,,,,,,,,,2,Harbinger,Village,Watchtower,Bureaucrat,Investment,Remodel,Festival,Market,Mine,Expand,,,,,
6/16/24,Sun, ,,,,,,X,X,,X,,X,,X,X,X,7,Night Watchman,Odysseys,Abundance,Miser,Transmogrify,Bandit Camp,Barge,Mastermind,Pilgrim,Souk,Way of the Chameleon,Deliver,,,
6/15/24,Sat,,X,X,,X,X,,,,X,X,X,,X,,X,9,Druid,Guide,Menagerie,Caravan,Fortune Hunter,Necromancer,Capital,Mint,Trading Post,Bank,Battlefield,Way of the Worm,,,
6/14/24,Fri,,,,,,,,X,X,,,,,,X,,3,Sycophant,Stonemason,Clashes,Advisor,Marauder,Bandit Camp,Footpad,Guildmaster,Mystic,Altar,Cave Dwellers,,,,
6/13/24,Thu,,,,,,,X,,,,,X,,,,,2,Fool's Gold,Tracker,Tunnel,Conclave,Trail,Weaver,Cauldron,Inn,Margrave,Witch's Hut,,,,,
6/12/24,Wed,,,,X,,,,,,,,,,,X,,2,Vineyard,Herbalist,Townsfolk,Sentinel,Carpenter,Courier,Apprentice,Capital City,Galleria,Marquis,,,,,
6/11/24,Tue,,,,,,,X,,,,,,,,,,1,Fool's Gold,Guard Dog,Trader,Weaver,Cauldron,Haggler,Highway,Inn,Margrave,Souk,,,,,
6/10/24,Mon,X,,,X,,,,,,,,,,,,,2,Vineyard,Chapel,Merchant,Village,Philosopher's Stone,Bureaucrat,Golem,Bandit,Laboratory,Market,,,,,
6/9/24,Sun,,,,,X,,,X,,,X,X,X,X,,X,7,Ghost Town,Sage,Groom,Marauder,Sacrifice,Scavenger,Frigate,Graverobber,Rogue,Vault,Pursue,Crop Rotation,,,
6/8/24,Sat,,X,X,,,,,X,,X,X,,X,X,,X,8,Page,Fishing Village,Scrap,Snowy Village,Ironmonger,Sacrifice,Catacombs,Courtier,Crew,Scholar,Way of the Frog,Seize the Day,,,
6/7/24,Fri,X,,,,,,,X,,,,,,,X,,3,Augurs,Sage,Ironmonger,Rats,Count,Hunter,Laboratory,Sentry,Skirmisher,Swap,,,,,
6/6/24,Thu,,,X,,,,X,,,,,,,,,,2,Astrolabe,Caravan,Jack of all Trades,Spice Merchant,Weaver,Highway,Stables,Wharf,Witch's Hut,Border Village,,,,,
6/5/24,Wed,,,X,,,,,,,,,X,,,,,2,Lookout,Bard,Caravan,Island,Bazaar,Cobbler,Corsair,Sea Witch,Tormentor,Werewolf,,,,,
6/4/24,Tue,,,,,,,X,,,,,,,,,,1,Fool's Gold,Develop,Guard Dog,Scheme,Jack of All Trades,Trader,Trail,Cartographer,Highway,Inn,,,,,
6/3/24,Mon,X,,X,,,,,,,,,,,,,,2,Cellar,Chapel,Gardens,Sailor,Throne Room,Corsair,Festival,Outpost,Pirate,Sentry,,,,,
6/2/24,Sun,X,X,,,X,,,X,,X,,X,X,X,X,X,10,Peasant,Courier,Crucible,Flag Bearer,Remodel,Shepherd,Silk Merchant,Collection,Counterfeit,Minion,Ride,Inheritance,,,
6/1/24,Sat,,,,,X,,,,,X,,,X,X,X,,5,Black Cat,Coin of the Realm,Lackeys,Sycophant,Importer,Scrap,Stockpile,Cardinal,Mastermind,Vault,Coastal Haven,,,,
5/31/24,Fri,,X,,,X,,,,,,,,,,X,,3,Clashes,Merchant Camp,Monument,Town,Worker's Village,Capital City,Emissary,Torturer,Grand Market,King's Court,Trappers’ Lodge,,,,
5/30/24,Thu,,X,,,,,,,X,,,,,,,,2,Courtyard,Steward,Bridge,Secret Passage,Herald,Baker,Courtier,Duke,Footpad,Replace,,,,,
5/29/24,Wed,,X,,,,,,,,,,X,,,,,2,Lurker,Pawn,Fool,Bard,Blessed Village,Ironworks,Patrol,Torturer,Upgrade,Vampire,,,,,
5/28/24,Tue,,,X,,,,,,,,,,,,,,1,Fishing Village,Monkey,Sea Chart,Blockade,Island,Tide Pools,Bazaar,Outpost,Sea Witch,Tactician,,,,,
5/27/24,Mon,X,X,,,,,,,,,,,,,,,2,Courtyard,Moat,Harbinger,Merchant,Bureaucrat,Militia,Mining Village,Moneylender,Festival,Market,,,,,
5/26/24,Sun,,X,,,,,,X,,,X,,X,X,,X,6,Lackeys,Patrician,Fortune Hunter,Temple,Catacombs,Displace,Junk Dealer,Patrol,Scepter,Altar,Scrounge,Mirror,,,
5/25/24,Sat,X,X,,,,X,,,X,,X,X,,X,X,,8,Advisor,Bureaucrat,Exorcist,Farmhands,Militia,Secret Passage,Herald,Ferryman,Legionary,Torturer,Way of the Seal,Band of Nomads,,,
5/24/24,Fri,X,,,X,,,,,,,X,,,,,,3,Cellar,Encampment,Scrying Pool,University,Harbinger,Village,Philosopher's Stone,Festival,Forum,Sentry,Annex,Aqueduct,,,
5/23/24,Thu,,,,,,,,,,X,,,X,,,,2,Coin of the Realm,Dungeon,Gear,Hideout,Port,Bridge Troll,Recruiter,Royal Carriage,Scepter,Spices,Academy,Capitalism,,,
5/22/24,Wed,,,,X,,,,,,,X,,,,,,2,Herbalist,Patrician,Apothecary,University,Chariot Race,Philosopher's Stone,Archive,Charm,Forum,Legionary,Triumph,Triumphal Arch,,,
5/21/24,Tue,,,,,,,,,,,,,X,,,,1,Border Guard,Lackeys,Acting Troupe,Cargo Ship,Patron,Priest,Scepter,Seer,Spices,Treasurer,Citadel,Crop Rotation,,,
5/20/24,Mon,X,,,,,,X,,,,,,,,,,2,Cellar,Moat,Harbinger,Vassal,Village,Remodel,Throne Room,Laboratory,Margrave,Market,,,,,
5/19/24,Sun,,X,,,,X,X,X,,,,,X,X,X,X,8,Jewelled Egg,Snowy Village,Conspirator,Contract,Cultist,Falconer,Hunting Party,Old Witch,Rebuild,Souk,Friendly,Band of Nomads,,,Friendly trait for Falconer
5/18/24,Sat,X,,,,,X,X,X,X,X,X,X,,X,X,,10,Hamlet,Peasant,Sycophant,Develop,Hamlet,Feodum,Moneylender,Necromancer,Royal Galley,Baker,Alliance,Palace,Circle of Witches,,
5/17/24,Fri,,,X,,,,,,,,X,,,,X,,3,Castles,Fishing Village,Importer,Smugglers,Temple,Villa,Barbarian,Highwayman,Swap,Wild Hunt,Aqueduct,Wolf Den,Order of Astrologers,,
5/16/24,Thu,,,,,,,X,,,,,X,,,,,2,Guardian,Tracker,Develop,Conclave,Spice Merchant,Trader,Crypt,Idol,Witch's Hut,Raider,,,,,
5/15/24,Wed,,,,,X,,,,,,,,X,,,,2,Border Guard,Bishop,Mountain Village,Charlatan,Crystal Ball,Scepter,Sculptor,Spices,Swashbuckler,Forge,,,,,
5/14/24,Tue,,,,,,,,,,,X,,,,,,1,Engineer,Encampment,Settlers,Catapult,Chariot Race,Gladiator,Villa,Archive,Capital,Forum,Triumph,Aqueduct,,,
5/13/24,Mon,X,,,X,,,,,,,,,,,,,2,Vineyard,Herbalist,Scrying Pool,Vassal,Philosopher's Stone,Bureaucrat,Poacher,Golem,Bandit,Laboratory,,,,,
5/12/24,Sun,X,X,X,,,,X,,,X,X,X,X,X,,X,10,Coin of the Realm,Acting Troupe,Develop,Fishing Village,Miser,Poacher,Buried Treasure,Charm,Pooka,Farm,Donate,Banish,,,
5/11/24,Sat,X,X,,,,X,X,X,,X,X,,X,X,,X,10,City Quarter,Lackeys,Shaman,Tunnel,Council Room,Coven,Cultist,Duke,Joust,Hireling,Fountain,Museum,,,
5/10/24,Fri,,,,,,,,,,,X,,,,,X,2,Grotto,Taskmaster,Abundance,Gondola,Harbor Village,Mapmaker,Maroon,Rope,Crew,Trickster,Mountain Pass,Conquest,,,
5/9/24,Thu,,,,X,X,,,,,,,,,,,,2,Vineyard,Herbalist,Anvil,Philosopher's Stone,Golem,Charlatan,Crystal Ball,Mint,Grand Market,Peddler,,,,,
5/8/24,Wed,,,X,,,,,,,,,X,,,,,2,Monastery,Astrolabe,Night Watchman,Sea Chart,Smugglers,Cemetery,Cobbler,Tactician,Tormentor,Treasury,,,,,
5/7/24,Tue,,,,,,,X,,,,,,,,,,1,Fool's Gold,Guard Dog,Jack of all Trades,Trader,Weaver,Cartographer,Haggler,Highway,Margrave,Border Village,,,,,
5/6/24,Mon,X,X,,,,,,,,,,,,,,,2,Moat,Shanty Town,Swindler,Bridge,Throne Room,Council Room,Duke,Market,Sentry,Nobles,,,,,
5/5/24,Sun,,X,,,X,,,,,X,,X,X,X,X,X,8,Gear,Secret Cave,Stockpile,Investment,Messenger,Quarry,Town,Paddock,Treasurer,Upgrade,Reap,Prosper,,,
5/4/24,Sat,X,X,,,,,,X,,X,,,,X,,X,6,Cage,Moat,Storeroom,Duplicate,Groom,Secret Passage,Laboratory,Rogue,Torturer,King's Cache,Enclave,Invasion,,,
5/3/24,Fri,X,X,,,,,,X,,,,,,,,,3,Courtyard,Moat,Death Cart,Procession,Wandering Minstrel,Counterfeit,Junk Dealer,Patrol,Replace,Sentry,,,,,
5/2/24,Thu,,,,,,,,,,X,,,,X,,,2,Ratcatcher,Raze,Gear,Bounty Hunter,Groom,Transmogrify,Artificer,Displace,Lost City,Fisherman,Borrow,Way of the Squirrel,,,
5/1/24,Wed,,,,,X,,,,,,,,,,,X,2,Secluded Shrine,Siren,Landing Party,Mapmaker,Rope,City,Crew,Crystal Ball,Mint,King's Court,Prepare,,,,
4/30/24,Tue,,,,,,,,X,,,,,,,,,1,Vagrant,Storeroom,Urchin,Feodum,Wandering Minstrel,Band of Misfits,Bandit Camp,Knights,Mystic,Rebuild,,,,,
4/29/24,Mon,X,,,,,,X,,,,,,,,,,2,Chapel,Crossroads,Fool's Gold,Moat,Vassal,Village,Jack of all Trades,Trail,Cartographer,Market,,,,,
4/28/24,Sun,X,X,X,X,,X,X,,,,,X,,X,X,,9,Vineyard,Smugglers,Swindler,Skulk,Young Witch,Contract,Coven,Haggler,Laboratory,Wayfarer,Fishing Village,Invest,City-State,,
4/27/24,Sat,X,X,,X,,X,,X,,,X,,,X,,X,8,City Quarter,Grotto,Search,Apothecary,Storeroom,Alchemist,Young Witch,Mine,Farm,Wayfarer,Beggar,Way of the Ox,Banquet,,
4/26/24,Fri,,,,,,X,,,,X,,,,,X,,3,Page,Caravan Guard,Gear,Menagerie,Wizards,Carpenter,Royal Galley,Giant,Joust,Skirmisher,Pathfinding,Alms,League of Shopkeepers,,
4/25/24,Thu,,X,,X,,,,,,,,,,,,,2,Vineyard,Pawn,Shanty Town,Swindler,Baron,Diplomat,Minion,Torturer,Trading Post,Nobles,,,,,
4/24/24,Wed,,,X,,,,,,,,,,,X,,,2,Lookout,Snowy Village,Stockpile,Hostelry,Salvager,Mastermind,Merchant Ship,Paddock,Treasury,Kiln,Way of the Mole,,,,
4/23/24,Tue,,,,,,,,,,,,,,,X,,1,Bauble,Townsfolk,Forts,Importer,Sentinel,Innkeeper,Town,Capital City,Contract,Specialist,,,,,
4/22/24,Mon,X,,,,,,,,,,X,,,,,,2,Royal Blacksmith,Chapel,Patrician,Vassal,Bureaucrat,Charm,Crown,Wild Hunt,Witch,Artisan,Donate,,,,
4/21/24,Sun,,X,X,,,,X,,X,X,,X,,X,,,7,Monkey,Scheme,Blessed Village,Jack of All Trades,Mill,Ranger,Journeyman,Kiln,Treasure Trove,Farm,Lost Arts,Enhance,,,
4/20/24,Sat,X,X,,,,,X,,,X,X,X,,X,,X,8,Moat,Tracker,Castles,Swindler,Bridge,Hostelry,Rope,Throne Room,Trail,Distant Lands,Toil,Way of the Rat,,,
4/19/24,Fri,X,X,,,,,,X,,,,,,,,,3,Sage,Gardens,Marauder,Mining Village,Scavenger,Band of Misfits,Duke,Library,Market,Nobles,,,,,
4/18/24,Thu,,X,,,,,,X,,,,,,,,,2,Lurker,Hermit,Masquerade,Sage,Urchin,Marauder,Rats,Cultist,Mystic,Altar,,,,,
4/17/24,Wed,,,,,,,,,X,,,,,,X,,2,Sycophant,Farrier,Importer,Underling,Infirmary,Advisor,Innkeeper,Butcher,Footpad,Swap,City-State,,,,
4/16/24,Tue,,,,,,,,,,,,,X,,,,1,Border Guard,Ducat,Lackeys,Acting Troupe,Experiment,Hideout,Mountain Village,Patron,Priest,Villain,Star Chart,Guildhall,,,
4/15/24,Mon,X,,,,,,,,,,,X,,,,,2,Druid,Cemetery,Remodel,Skulk,Festival,Pooka,Tragic Hero,Vampire,Werewolf,Raider,,,,,
4/14/24,Sun,X,X,,,,X,,X,,,X,X,X,,,X,8,Guardian,Shaman,Village,Baron,Ironmonger,Marauder,Necromancer,Young Witch,Festival,Graverobber,Groundskeeper,Citadel,Triumph,,
4/13/24,Sat,X,,X,,,,,,,,,X,X,X,,X,6,Chapel,Grotto,Lackeys,Night Watchman,Devil's Workshop,Exorcist,Hunting Lodge,Pendant,Pilgrim,Pirate,Foray,Prepare,,,
4/12/24,Fri,X,,,,,,X,X,,,,,,,,,3,Merchant,Urchin,Jack of all Trades,Trail,Band of Misfits,Bandit,Graverobber,Highway,Rogue,Witch,,,,,
4/11/24,Thu,,X,,,,,,,,,,,,X,,,2,Lurker,Masquerade,Scrap,Snowy Village,Steward,Hostelry,Barge,Minion,Patrol,Animal Fair,,,,,
4/10/24,Wed,,,,,,,,,X,,,,X,,,,2,Ducat,Lackeys,Acting Troupe,Advisor,Baker,Journeyman,Recruiter,Soothsayer,Spices,Swashbuckler,Exploration,Barracks,,,
4/9/24,Tue,,,,,,,,,,,,,,,,X,1,Cage,Taskmaster,Cabin Boy,Crucible,Flagship,Landing Party,Enlarge,Longship,Wealthy Village,King's Cache,Maelstrom,Bury,,,
4/8/24,Mon,X,,,,,,,X,,,,,,,,,2,Beggar,Squire,Harbinger,Merchant,Storeroom,Moneylender,Wandering Minstrel,Band of Misfits,Graverobber,Artisan,,,,,
4/7/24,Sun, ,,,,,X,,X,,,X,,X,X,,X,6,Engineer,Black Cat,Squire,Shaman,Supplies,Experiment,Shop,Marauder,Rebuild,King's Cache,Inherited,Scrounge,,,Inherited trait for Shop
4/6/24,Sat,,,,X,X,X,,X,X,X,X,X,,,,X,9,Market Square,Secret Cave,Familiar,Advisor,Clerk,Duplicate,Farmhands,Flagship,Sacrifice,Horn of Plenty,Reckless,Cursed,,,"Reckless trait for Market Square, Cursed trait for Familiar"
4/5/24,Fri,,X,,,,,X,,,,X,,,,,,3,Fool's Gold,Conspirator,Mining Village,Sacrifice,Archive,Forum,Legionary,Minion,Replace,Torturer,Wolf Den,Basilica,,,
4/4/24,Thu,,,,,,X,,,,,,X,,,,,2,Guardian,Monastery,Changeling,Ghost Town,Menagerie,Shop,Bard,Shepherd,Skulk,Idol,,,,,
4/3/24,Wed,,,,,,,,,X,X,,,,,,,2,Coin of the Realm,Peasant,Caravan Guard,Miser,Ranger,Transmogrify,Herald,Distant Lands,Footpad,Storyteller,Trade,Mission,,,
4/2/24,Tue,,,,,,,,X,,,,,,,,,1,Poor House,Beggar,Vagrant,Storeroom,Armory,Fortress,Procession,Rats,Counterfeit,Mystic,,,,,
4/1/24,Mon,X,,X,,,,,,,,,,,,,,2,Haven,Monkey,Smugglers,Blockade,Smithy,Throne Room,Corsair,Sea Witch,Wharf,Artisan,,,,,
3/31/24,Sun,,,X,,X,X,,,X,X,X,,,X,,X,8,Settlers,Farmers' Market,Scrap,Mapmaker,Hunting Party,Magnate,Merchant Guild,Pirate,Treasure Trove,Vault,,,,,
3/30/24,Sat,,,,,X,,,X,,X,X,,,X,X,X,7,Poor House,Peasant,Gear,Goatherd,Guide,Crystal Ball,Emissary,Guildmaster,Mining Road,Hunting Grounds,Mountain Folk,Mountain Pass,,,
3/29/24,Fri,,,,,,X,,,X,,,,,,X,,3,Shop,Wizards,Herald,Baker,Carnival,Emissary,Hunting Party,Journeyman,Joust,Swap,City-State,,,,
3/28/24,Thu,,X,,,,,,,,,,,X,,,,2,Ducat,Lurker,Inventor,Research,Silk Merchant,Old Witch,Scepter,Torturer,Trading Post,Farm,Crop Rotation,Road Network,,,
3/27/24,Wed,,,,,,,,,,,,,X,X,,,2,Black Cat,Border Guard,Flag Bearer,Groom,Falconer,Kiln,Scepter,Treasurer,Villain,Fisherman,Stampede,Cathedral,,,
3/26/24,Tue,,,X,,,,,,,,,,,,,,1,Island,Salvager,Treasure Map,Corsair,Outpost,Native Village,Astrolabe,Monkey,Smugglers,Cutpurse,,,,,
3/25/24,Mon,X,,,,,,X,,,,,,,,,,2,Chapel,Moat,Develop,Vassal,Bureaucrat,Smithy,Bandit,Council Room,Wheelwright,Witch,,,,,
3/24/24,Sun,,X,,,,X,,X,X,X,X,X,,X,,,8,Forager,Bard,Farmhands,Duke,Footpad,Giant,Joust,Lost City,Minion,Paddock,Colonnade,,,,
3/23/24,Sat, ,X,,X,X,,,X,,X,,X,X,X,X,,9,Beggar,Druid,Lackeys,Familiar,Broker,Cavalry,Bridge Troll,Collection,Replace,Wayfarer,Enclave,Woodworkers’ Guild,,,
3/22/24,Fri,,,,,X,,,X,,,,,X,,,,3,Border Guard,Acting Troupe,Hermit,Storeroom,Watchtower,Flag Bearer,Priest,Count,Old Witch,Seer,Crop Rotation,Capitalism,,,
3/21/24,Thu,,,,,,,,,,,X,,,X,,,2,Engineer,Overlord,Black Cat,Sleigh,Snowy Village,Hostelry,Displace,Livery,Paddock,Wild Hunt,Stampede,Tower,,,
3/20/24,Wed,,,,,,X,,,,,,,,X,,,2,Hamlet,Sleigh,Camel Train,Stockpile,Bounty Hunter,Cavalry,Remake,Barge,Ferryman,Horn of Plenty,Young Witch,Black Cat,,,
3/19/24,Tue,,,,,X,,,,,,,,,,,,1,Watchtower,Quarry,Worker's Village,City,Collection,Crystal Ball,Rabble,Vault,War Chest,Forge,,,,,
3/18/24,Mon,X,,X,,,,,,,,,,,,,,2,Haven,Merchant,Warehouse,Island,Bazaar,Corsair,Council Room,Festival,Treasury,Artisan,,,,,
3/17/24,Sun,X,,,,X,,X,X,,X,X,X,X,,,,8,Improve,Leprechaun,Marauder,Ranger,Trail,Weaver,Count,Rabble,Sentry,Villain,Save,Triumphal Arch,,,
3/16/24,Sat,X,X,,,,X,,X,,X,,X,,,,X,7,Leprechaun,Farmhands,Messenger,Remake,Rope,Tools,Band of Misfits,Council Room,Cursed Village,Minion,Pilgrimage,Inheritance,,,
3/15/24,Fri,,,,,,,,,X,,,,,,,X,2,Search,Shaman,Flagship,Harbor Village,Maroon,Cutthroat,Footpad,Pickaxe,Quartermaster,King's Cache,Launch,Deliver,,,
3/14/24,Thu,,,,,,,,,,,,,,X,,X,2,Shaman,Siren,Bounty Hunter,Cavalry,Rope,Village Green,Figurine,Kiln,Fisherman,Wayfarer,Way of the Goat,Transport,,,
3/13/24,Wed,,X,,,,,,,,,,,,,,X,2,Grotto,Jewelled Egg,Search,Shaman,Swindler,Flagship,Rope,Swamp Shacks,Figurine,Farm,Rich,Journey,,,Rich trait for Grotto
3/12/24,Tue,,X,,,,,,,,,,,,,,,1,Courtyard,Lurker,Swindler,Wishing Well,Ironworks,Courtier,Minion,Patrol,Torturer,Farm,,,,,
3/11/24,Mon,X,,,,,,,,,,,,X,,,,2,Merchant,Workshop,Militia,Moneylender,Poacher,Research,Old Witch,Spices,Treasurer,Artisan,Academy,Innovation,,,
3/10/24,Sun,X,,,X,,,X,X,,X,X,X,,,,X,8,Chapel,Scrying Pool,Amulet,Siren,Sacrifice,Berserker,Pickaxe,Pillage,Sacred Grove,Stables,,,,,
3/9/24,Sat,X,X,,X,,X,,,,X,X,X,,X,,,8,Chapel,Catapult,Familiar,Devil's Workshop,Farmhands,Mill,Ranger,Apprentice,Ferryman,Wayfarer,Way of the Mole,Dominate,,,
3/8/24,Fri,X,,,,,,X,,X,,,,,,,,3,Cellar,Vassal,Village,Infirmary,Advisor,Throne Room,Bandit,Margrave,Merchant Guild,Soothsayer,,,,,
3/7/24,Thu,,X,,,,,,,,X,,,,,,,2,Courtyard,Baron,Duplicate,Magpie,Messenger,Mining Village,Artificer,Relic,Replace,Farm,Scouting Party,Plan,,,
3/6/24,Wed,,,,,X,X,,,,,,,,,,,2,Shop,Watchtower,Farmhands,Worker's Village,Jester,Joust,Rabble,War Chest,Bank,Expand,,,,,
3/5/24,Tue,,,,,,,,,,X,,,,,,,1,Coin of the Realm,Page,Peasant,Duplicate,Magpie,Transmogrify,Bridge Troll,Royal Carriage,Swamp Hag,Hireling,,,,,
3/4/24,Mon,X,,,,,,,X,,,,,,,,,2,Market Square,Urchin,Village,Poacher,Smithy,Throne Room,Band of Misfits,Mystic,Witch,Artisan,,,,,
3/3/24,Sun,X,,X,,X,,,X,,,X,,X,X,X,X,9,Chariot Race,Secluded Shrine,Cavalry,Procession,Temple,Market,Rebuild,Sea Witch,Specialist,Peddler,Sinister Plot,,,,
3/2/24,Sat,X,X,,X,,,,,X,,,,X,X,X,X,8,Ducat,Apothecary,Clashes,Harbinger,Diplomat,Mapmaker,Plaza,Kiln,Minion,Pickaxe,Delay,Foray,,,
3/1/24,Fri,,,,,,,,,X,,,,,X,X,,3,Camel Train,Odysseys,Sheepdog,Courier,Falconer,Journeyman,Merchant Guild,Modify,Fisherman,Animal Fair,Toil,Way of the Pig,,,
2/29/24,Thu,,X,,,,,,,,,X,,,,,,2,Engineer,City Quarter,Courtyard,Lurker,Castles,Baron,Mining Village,Legionary,Wild Hunt,Farm,Banquet,Battlefield,,,
2/28/24,Wed,,,,,,,,X,,,,,,,,X,2,Squire,Secluded Shrine,Siren,Taskmaster,Fortune Hunter,Count,Graverobber,Pendant,Altar,Hunting Grounds,Fated,Bury,,,Fated trait for Squire
2/27/24,Tue,,,,,,,,,,,,,,X,,,1,Black Cat,Sleigh,Sheepdog,Snowy Village,Stockpile,Cardinal,Cavalry,Displace,Gatekeeper,Livery,Invest,Stampede,,,
2/26/24,Mon,X,,,,,,,X,,,,,,,,,2,Vagrant,Storeroom,Vassal,Fortress,Militia,Moneylender,Remodel,Bandit,Bandit Camp,Rebuild,,,,,
2/25/24,Sun,X,,,X,X,,X,,X,X,X,,X,,,X,9,Apothecary,Catapult,Landing Party,Festival,Merchant Guild,Mining Road,Rabble,Relic,Stables,Witch,Ball,Capitalism,,,
2/24/24,Sat,,X,X,,X,,,X,X,X,,X,X,X,X,X,11,Native Village,Sage,Innkeeper,Miser,Plaza,Gatekeeper,Idol,Replace,Scholar,Grand Market,Invasion,Foray,,,
2/23/24,Fri,,X,X,,,,,,,,,,,,X,,3,Bauble,Haven,Astrolabe,Lookout,Masquerade,Diplomat,Ironworks,Sailor,Galleria,Outpost,Peaceful Cult,,,,
2/22/24,Thu,,,X,,,,,,,,,,,X,,,2,Haven,Blockade,Caravan,Cutpurse,Island,Village Green,Corsair,Coven,Livery,Paddock,Way of the Chameleon,Gamble,,,
2/21/24,Wed,,X,,,,X,,,,,,,,,,,2,Masquerade,Diplomat,Horse Traders,Ironworks,Secret Passage,Tournament,Young Witch,Courtier,Torturer,Nobles,Menagerie,,,,
2/20/24,Tue,,,,,,,,X,,,,,,,,,1,Urchin,Death Cart,Ironmonger,Rats,Band of Misfits,Bandit Camp,Counterfeit,Graverobber,Mystic,Hunting Grounds,,,,,
2/19/24,Mon,X,,,,,,,,,,,,X,,,,2,Chapel,Ducat,Experiment,Merchant,Moneylender,Priest,Remodel,Smithy,Library,Recruiter,Sinister Plot,Piazza,,,
2/18/24,Sun,,X,X,,X,,X,X,X,,,,,X,,X,8,Supplies,Vagrant,Masquerade,Watchtower,Doctor,Death Cart,Treasure Map,Weaver,Wheelwright,Sack of Loot,Banish,Way of the Rat,,,
2/17/24,Sat,X,,,,X,,,,,,,X,X,,,X,5,Guardian,Anvil,Changeling,Moneylender,Priest,Laboratory,Magnate,Silver Mine,Sack of Loot,Bank,Rush,Citadel,,,
2/16/24,Fri,,,,,,X,,X,,,,,,,X,,3,Squire,Vagrant,Augurs,Odysseys,Underling,Feodum,Ironmonger,Rats,Royal Galley,Harvest,,,,,
2/15/24,Thu,,,,,X,,,,,,,,,X,,,2,Black Cat,Snowy Village,Bishop,Cavalry,Hostelry,Monument,City,War Chest,Forge,Animal Fair,,,,,
2/14/24,Wed,,X,,,X,,,,,,,,,,,,2,Pawn,Steward,Wishing Well,Secret Passage,Courtier,Replace,Torturer,Upgrade,Bank,King's Court,,,,,
2/13/24,Tue,,X,,,,,,,,,,,,,,,1,Steward,Wishing Well,Baron,Bridge,Conspirator,Diplomat,Patrol,Torturer,Trading Post,Farm,,,,,
2/12/24,Mon,X,,,,,,,,,,,,,X,,,2,Harbinger,Scrap,Snowy Village,Bureaucrat,Gardens,Bandit,Kiln,Mastermind,Artisan,Destrier,Populate,Pursue,,,
2/11/24,Sun,X,X,X,,,,,X,,X,,X,X,X,X,,9,Faithful Hound,Haven,Shanty Town,Storeroom,Wizards,Research,Displace,Market,Relic,Hunting Grounds,,,,,
2/10/24,Sat,X,,,,X,,,X,X,,,X,,X,,,6,Stonemason,Anvil,Conclave,Rats,Cultist,Hunting Lodge,Library,Vault,Grand Market,Bank,Way of the Seal,,,,
2/9/24,Fri,,,,,,,,X,X,,,,,,X,,3,Doctor,Armory,Ironmonger,Procession,Royal Galley,Taxman,Junk Dealer,Pillage,Soothsayer,Altar,,,,,
2/8/24,Thu,,,,,,,,,,,,,,,X,,1,Townsfolk,Importer,Wizards,Carpenter,Courier,Town,Barbarian,Contract,Specialist,Marquis,Architects’ Guild,,,,
2/7/24,Wed,,,,,,,,,,,X,X,,,,,2,Engineer,Monastery,Patrician,Pixie,Settlers,Tracker,Farmers' Market,Secret Cave,Blessed Village,Den of Sin,Baths,Mountain Pass,,,
2/6/24,Tue,,,,,,,,,,X,,,,,,,1,Raze,Gear,Guide,Duplicate,Messenger,Miser,Storyteller,Swamp Hag,Wine Merchant,Hireling,Seaway,Travelling Fair,,,
2/5/24,Mon,X,,,,,,,,,,,,,,X,,2,Bauble,Sycophant,Merchant,Merchant Camp,Underling,Vassal,Royal Galley,Mine,Modify,Sentry,City-State,,,,
2/4/24,Sun, ,,,,X,X,,X,,X,X,X,,X,,X,8,Settlers,Necromancer,Cultist,Displace,Groundskeeper,Harvest,Pendant,Storyteller,Fairgrounds,Grand Market,Expedition,Obelisk,,,
2/3/24,Sat,X,X,X,,X,,,,,X,X,X,X,X,X,,10,Lighthouse,Cemetery,Gardens,Innkeeper,Giant,Sculptor,Wild Hunt,Nobles,Bank,Peddler,Way of the Camel,Road Network,,,
2/2/24,Fri,,X,X,,,,,,,,,X,,,,,3,Druid,Lighthouse,Masquerade,Cutpurse,Devil's Workshop,Ironworks,Den of Sin,Merchant Ship,Minion,Nobles,,,,,
2/1/24,Thu,,X,,,,,,,,,,,,X,,,2,Black Cat,Sleigh,Scrap,Snowy Village,Village Green,Displace,Hunting Lodge,Mastermind,Sanctuary,Torturer,Enclave,Way of the Turtle,,,
1/31/24,Wed,,,,,,X,,,,X,,,,,,,2,Page,Caravan Guard,Dungeon,Guide,Horse Traders,Distant Lands,Horn of Plenty,Relic,Storyteller,Treasure Trove,Alms,Save,,,
1/30/24,Tue,,,,,,,,,,,,X,,,,,1,Faithful Hound,Guardian,Tracker,Leprechaun,Night Watchman,Skulk,Idol,Tormentor,Tragic Hero,Raider,,,,,
1/29/24,Mon,X,X,,,,,,,,,,,,,,,2,Cellar,Pawn,Harbinger,Swindler,Vassal,Mill,Mining Village,Poacher,Bandit,Laboratory,,,,,
1/28/24,Sun,,X,,X,,,X,,,X,X,X,,X,,X,8,Vineyard,Sleigh,Supplies,Chariot Race,Swindler,Trader,Figurine,Pooka,Wine Merchant,Raider,Way of the Pig,Conquest,,,
1/27/24,Sat,,X,,,,X,,,,X,,X,,X,,X,6,Hamlet,Bard,Conspirator,Gondola,Artificer,Figurine,Lost City,Mastermind,Mining Road,Torturer,Way of the Pig,,,,
1/26/24,Fri,,,,,,,X,,,,,,X,,X,,3,Lackeys,Townsfolk,Experiment,Mountain Village,Patron,Weaver,Capital City,Scholar,Seer,Wheelwright,,,,,
1/25/24,Thu,,X,,,,,,,,,,,X,,,,2,Experiment,Masquerade,Inventor,Ironworks,Mill,Courtier,Patrol,Sculptor,Torturer,Nobles,Sewers,Sinister Plot,,,
1/24/24,Wed,,,,X,,,,,X,,,,,,,,2,Vineyard,Candlestick Maker,Apothecary,Familiar,Taxman,Herald,Golem,Butcher,Journeyman,Soothsayer,,,,,
1/23/24,Tue,,,X,,,,,,,,,,,,,,1,Haven,Native Village,Monkey,Smugglers,Warehouse,Caravan,Cutpurse,Tide Pools,Corsair,Sea Witch,,,,,
1/22/24,Mon,X,,,X,,,,,,,,,,,,,2,Apothecary,University,Bureaucrat,Gardens,Poacher,Throne Room,Golem,Festival,Mine,Possession,,,,,
1/21/24,Sun,,X,,,,,X,X,,X,X,,X,X,X,X,9,Baron,Patron,Villa,Falconer,Giant,Graverobber,Guildmaster,Highway,Pickaxe,Sack of Loot,Crop Rotation,Seize the Day,Desert Guides,,
1/20/24,Sat,X,X,,,X,,X,X,,X,X,,X,,,X,9,Chariot Race,Cabin Boy,Conspirator,Wandering Minstrel,Crown,Mine,Old Witch,Scholar,Border Village,Bank,Ball,,,,
1/19/24,Fri,,X,X,,,,,,,,,,X,,,,3,Border Guard,Courtyard,Improve,Mill,Patron,Secret Passage,Minion,Patrol,Seer,Wharf,Road Network,,,,
1/18/24,Thu,,,,,,,,,,,X,,,,,X,2,Encampment,Grotto,Shaman,Farmers' Market,Taskmaster,Maroon,Enlarge,Figurine,Pendant,King's Cache,Scrounge,Bury,,,
1/17/24,Wed,,,,,,,,X,,,,,X,,,,2,Beggar,Lackeys,Forager,Hermit,Fortress,Ironmonger,Priest,Rats,Cultist,Villain,Silos,Sinister Plot,,,
1/16/24,Tue,,,,,,,,X,,,,,,,,,1,Squire,Vagrant,Sage,Urchin,Procession,Catacombs,Graverobber,Junk Dealer,Rogue,Hunting Grounds,,,,,
1/15/24,Mon,X,,X,,,,,,,,,,,,,,2,Haven,Moat,Merchant,Village,Bazaar,Corsair,Laboratory,Pirate,Sea Witch,Treasury,,,,,
1/14/24,Sun,X,,X,,,X,X,X,,X,X,,,X,X,X,10,Townsfolk,Farmers' Market,Guard Dog,Urchin,Cardinal,Moneylender,Tournament,First Mate,Lost City,Tactician,Training,Bandit Fort,,,
1/13/24,Sat,X,,,,,,,X,,,X,,,X,X,X,6,Shaman,Augurs,Farmers' Market,Secluded Shrine,Underling,Bureaucrat,Bandit Camp,Barge,Cultist,Hunting Grounds,Band of Nomads,Demand,,,
1/12/24,Fri,X,,,,,X,X,,,,,,,,,,3,Crossroads,Fool's Gold,Menagerie,Farming Village,Remake,Young Witch,Bandit,Festival,Harvest,Fairgrounds,Menagerie,,,,
1/11/24,Thu,,,,,X,,,,,,,X,,,,,2,Guardian,Secret Cave,Watchtower,Bishop,Shepherd,Worker's Village,Mint,Sacred Grove,War Chest,Forge,,,,,
1/10/24,Wed,,,,,,,,X,X,,,,,,,,2,Poor House,Candlestick Maker,Vagrant,Sage,Advisor,Death Cart,Butcher,Count,Counterfeit,Cultist,,,,,
1/9/24,Tue,,,,,,,X,,,,,,,,,,1,Guard Dog,Spice Merchant,Trader,Trail,Weaver,Berserker,Haggler,Margrave,Souk,Border Village,,,,,
1/8/24,Mon,X,,,,,,,,,,X,,,,,,2,Overlord,Royal Blacksmith,Settlers,Poacher,Sacrifice,Bandit,Council Room,Groundskeeper,Legionary,Mine,Dominate,Mountain Pass,,,
1/7/24,Sun,X,,,,X,,,,,,X,,X,X,X,,6,Engineer,Ducat,Catapult,Scrap,Watchtower,Royal Galley,Throne Room,Bandit,City,Wild Hunt,City Gate,Populate,,,
1/6/24,Sat,X,,,X,X,,X,,,X,X,X,X,X,,X,10,Apothecary,Castles,Dungeon,Ghost Town,Siren,Gardens,Seer,War Chest,Border Village,Animal Fair,Plan,Enclave,,,
1/5/24,Fri,X,,,,,,,,,,,,X,X,,,3,Scrap,Bureaucrat,Gardens,Hideout,Smithy,Barge,Displace,Falconer,Scholar,Artisan,Way of the Seal,Fair,,,
1/4/24,Thu, ,,,,X,,,,,,,,X,,,,2,Acting Troupe,Monument,Quarry,Silk Merchant,Charlatan,Magnate,Treasurer,Hoard,Grand Market,King's Court,Sinister Plot,Cathedral,,,
1/3/24,Wed,,,,,,,,,,,X,,X,,,,2,Engineer,Overlord,Royal Blacksmith,Farmers' Market,Temple,Capital,Charm,Forum,Recruiter,Treasurer,Salt the Earth,Triumphal Arch,,,
1/2/24,Tue,,X,,,,,,,,,,,,,,,1,Pawn,Steward,Wishing Well,Baron,Conspirator,Secret Passage,Patrol,Trading Post,Farm,Nobles,,,,,
1/1/24,Mon,X,,,,,,,,,,,,,X,,,2,Black Cat,Chapel,Scrap,Stockpile,Bounty Hunter,Gardens,Remodel,Displace,Festival,Artisan,Way of the Owl,Commerce,,,
12/31/23,Sun,X,X,X,,,,X,X,X,X,X,X,,X,,,10,Candlestick Maker,Merchant,Cemetery,Cutpurse,Ironmonger,Mining Village,Necromancer,Ranger,Salvager,Haggler,Way of the Pig,Orchard,,,
12/30/23,Sat, ,,X,,X,,,X,X,X,,X,X,,,X,8,Poor House,Druid,Taxman,Figurine,Haunted Woods,Mystic,Pooka,Sacred Grove,Tactician,King's Court,Pageant,,,,
12/29/23,Fri,,X,,,,,X,X,,,,,,,,,3,Courtyard,Lurker,Pawn,Steward,Armory,Feodum,Procession,Weaver,Cartographer,Witch's Hut,,,,,
12/28/23,Thu,,,,,,X,,,,,X,,,,,,2,Engineer,Farmers' Market,Gladiator,Horse Traders,Sacrifice,Archive,Charm,Groundskeeper,Legionary,Wild Hunt,Defiled Shrine,Tower,,,
12/27/23,Wed,,,,,X,,,X,,,,,,,,,2,Storeroom,Urchin,Armory,Procession,Quarry,Band of Misfits,City,Crystal Ball,Magnate,Rebuild,,,,,
12/26/23,Tue,,,,,,,,,,,,,,X,,,1,Camel Train,Sheepdog,Snowy Village,Cardinal,Hostelry,Barge,Falconer,Livery,Wayfarer,Animal Fair,Enhance,Desperation,,,
12/25/23,Mon,X,,,,,,,,,,,X,,,,,2,Cellar,Faithful Hound,Workshop,Cemetery,Skulk,Smithy,Laboratory,Library,Market,Sentry,,,,,
12/24/23,Sun,X,X,X,,,,,,,X,X,X,,,X,X,8,Raze,Astrolabe,Harbinger,Sentinel,Taskmaster,Sacrifice,Secret Passage,Skulk,Tide Pools,Farm,Defiled Shrine,,,,
12/23/23,Sat,X,X,X,,X,,,,,,X,,X,X,X,X,9,Improve,Cutpurse,Mining Village,Tiara,Barge,Crew,Galleria,Market,Skirmisher,King's Court,Triumphal Arch,Cursed,,,Cursed trait for Galleria
12/22/23,Fri,,X,,,,,,,,,,X,,,X,,3,Importer,Swindler,Cemetery,Conclave,Cobbler,Duke,Idol,Replace,Sacred Grove,Nobles,Circle of Witches,,,,
12/21/23,Thu,,,,,,,,X,,,,,,,,X,2,Beggar,Search,Vagrant,Forager,Fortress,Fortune Hunter,First Mate,Junk Dealer,Knights,Longship,Inspiring,Patient,,,"Patient trait for Search, Inspiring trait for Knights"
12/20/23,Wed,,X,,,,X,,,,,,,,,,,2,Masquerade,Baron,Bridge,Farming Village,Mining Village,Duke,Trading Post,Upgrade,Farm,Nobles,,,,,
12/19/23,Tue,,,,,,,,,,X,,,,,,,1,Page,Ratcatcher,Amulet,Messenger,Miser,Haunted Woods,Lost City,Relic,Storyteller,Hireling,Save,Pilgrimage,,,
12/18/23,Mon,X,X,,,,,,,,,,,,,,,2,Masquerade,Baron,Conspirator,Militia,Mining Village,Moneylender,Throne Room,Courtier,Festival,Mine,,,,,
12/17/23,Sun,,X,,,X,,,,,,X,X,X,X,X,X,8,Monastery,Search,Goatherd,Night Watchman,Ironworks,Monument,Mountain Village,Town,Kiln,Trickster,Battlefield,City Gate,,,
12/16/23,Sat,X,,X,,X,,,X,,X,X,,X,X,X,,9,Chapel,Camel Train,Odysseys,Monument,City,Gatekeeper,Rebuild,Scepter,Storyteller,Tactician,Way of the Owl,Dominate,,,
12/15/23,Fri,X,,X,,,,,X,,,,,,,,,3,Storeroom,Warehouse,Procession,Tide Pools,Band of Misfits,Bandit Camp,Cultist,Graverobber,Market,Treasury,,,,,
12/14/23,Thu, ,,X,,,,,X,,,,,,,,,2,Market Square,Urchin,Warehouse,Fortress,Procession,Salvager,Wandering Minstrel,Corsair,Count,Wharf,,,,,
12/13/23,Wed,,,,,,,,,,,,,,X,X,,2,Sycophant,Importer,Bounty Hunter,Groom,Galleria,Highwayman,Hunter,Kiln,Skirmisher,Destrier,Way of the Mule,Circle of Witches,Seize the Day,,
12/12/23,Tue,,,,,,,,,,,,,X,,,,1,Experiment,Flag Bearer,Hideout,Mountain Village,Patron,Priest,Sculptor,Seer,Treasurer,Villain,Sinister Plot,Canal,,,
12/11/23,Mon,X,,,,X,,,,,,,,,,,,2,Cellar,Chapel,Watchtower,Clerk,Investment,Throne Room,Bandit,Market,Witch,Forge,,,,,
12/10/23,Sun,X,,X,X,X,,,,,,X,,X,X,X,,8,Engineer,Vineyard,Lackeys,Fishing Village,Goatherd,Corsair,Council Room,Skirmisher,Swap,Forge,,,,,
12/9/23,Sat,X,X,,,,,X,X,,X,,X,,X,X,X,9,Bauble,Sage,Conspirator,Gondola,Throne Room,Trader,Barge,Crypt,Mystic,Patrol,Order of Masons,Mirror,Seaway,,
12/8/23,Fri, ,X,,,,,X,,,,X,,,,,,3,City Quarter,Courtyard,Crossroads,Enchantress,Ironworks,Sacrifice,Spice Merchant,Duke,Forum,Wild Hunt,Obelisk,Tomb,,,Obelisk card is Sacrifice
12/7/23,Thu, ,,,,,,,,X,,X,,,,,,2,Candlestick Maker,Encampment,Catapult,Doctor,Plaza,Herald,Baker,Crown,Forum,Soothsayer,Aqueduct,Tax,,,
12/6/23,Wed,,X,,X,,,,,,,,,,,,,2,Courtyard,Masquerade,Steward,Wishing Well,Mining Village,Secret Passage,Golem,Duke,Trading Post,Possession,,,,,
12/5/23,Tue,,,,,,,,,,,,,,,,X,1,Cage,Grotto,Secluded Shrine,Taskmaster,Crucible,Fortune Hunter,Harbor Village,Pilgrim,Silver Mine,King's Cache,Reckless,Foray,,,Reckless trait for Taskmaster
12/4/23,Mon,X,X,,,,,,,,,,,,,,,2,Lurker,Steward,Workshop,Baron,Conspirator,Militia,Moneylender,Throne Room,Courtier,Minion,,,,,
12/3/23,Sun,X,X,X,X,,,,,,,X,X,,,X,X,8,Transmute,Importer,Merchant,Odysseys,Siren,Village,Warehouse,Skulk,Trading Post,King's Cache,Architects’ Guild,Palace,Conquest,,
12/2/23,Sat,X,X,,,X,,,,,X,X,X,X,,X,X,9,City Quarter,Acting Troupe,Merchant,Sentinel,Carpenter,Harbor Village,Remodel,Shepherd,Tiara,Farm,Quest,Delve,,,
12/1/23,Fri,,,,,,,X,,,,,,X,,X,,3,Bauble,Lackeys,Augurs,Forts,Research,Spice Merchant,Barbarian,Highwayman,Old Witch,Stables,Family of Inventors,,,,
11/30/23,Thu, ,,,,,,,,X,,,,,,,X,2,Cage,Stonemason,Stowaway,Doctor,Rope,Cutthroat,Figurine,Journeyman,Mining Road,Pickaxe,Deliver,Prosper,,,
11/29/23,Wed,,,,,,X,,,,,,,,,X,,2,Hamlet,Menagerie,Underling,Broker,Farming Village,Remake,Highwayman,Skirmisher,Fairgrounds,Marquis,,,,,
11/28/23,Tue,,,,,,,,,,,,X,,,,,1,Guardian,Monastery,Leprechaun,Bard,Cemetery,Conclave,Exorcist,Cobbler,Pooka,Vampire,,,,,
11/27/23,Mon,X,,,,,,,,,,,,,X,,,2,Cellar,Harbinger,Merchant,Cardinal,Gardens,Groom,Smithy,Kiln,Laboratory,Library,Banish,Enclave,,,
11/26/23,Sun,X,X,,,X,,,X,,,X,X,,X,X,X,9,Sycophant,Sage,Shanty Town,Taskmaster,Cardinal,Monument,Tragic Hero,Witch,Grand Market,Animal Fair,Forest Dwellers,Dominate,Avoid,,
11/25/23,Sat,,,,,X,,X,,,X,X,,X,X,X,X,8,Patrician,Sleigh,Siren,Wizards,Cardinal,Weaver,Archive,Charlatan,Recruiter,Souk,Band of Nomads,Lost Arts,Banish,,
11/24/23,Fri,X,,,,,,,X,,,,,,,X,,3,Vagrant,Carpenter,Innkeeper,Marauder,Militia,Royal Galley,Bandit,Pillage,Sentry,Marquis,,,,,
11/23/23,Thu,,,,,,,,X,,,,,,,X,,2,Squire,Augurs,Market Square,Sage,Storeroom,Fortress,Marauder,Band of Misfits,Cultist,Pillage,,,,,
11/22/23,Wed,,,,,X,,,,,,,,,,,X,2,Landing Party,Maroon,Rope,Buried Treasure,City,First Mate,Silver Mine,Wealthy Village,Hoard,Bank,Friendly,Pious,,,"Friendly trait for City, Pious trait for Buried Treasure"
11/21/23,Tue,,X,,,,,,,,,,,,,,,1,Courtyard,Steward,Swindler,Wishing Well,Secret Passage,Courtier,Minion,Trading Post,Upgrade,Nobles,,,,,
11/20/23,Mon,X,X,,,,,,,,,,,,,,,2,Chapel,Lurker,Merchant,Bridge,Moneylender,Courtier,Library,Patrol,Sentry,Upgrade,,,,,
11/19/23,Sun,X,,,,,,X,X,,,,X,X,X,X,X,8,Poor House,Broker,Clashes,Flag Bearer,Ironmonger,Militia,Nomads,Cartographer,Crypt,Guildmaster,Ride,Maelstrom,League of Shopkeepers,,
11/18/23,Sat,,,X,,,X,,,X,,X,,X,X,X,X,8,Chariot Race,Merchant Camp,Stockpile,Taxman,Enlarge,Galleria,Jester,Longship,Skirmisher,Tactician,Way of the Goat,Canal,,,
11/17/23,Fri,,,,,,X,,,,,,X,X,,,,3,Hamlet,Experiment,Horse Traders,Mountain Village,Tournament,Cursed Village,Idol,Sacred Grove,Scepter,Vampire,Fleet,Plaza,,,
11/16/23,Thu,,X,,,,,,,,,,,,,X,,2,Pawn,Sycophant,Masquerade,Sentinel,Baron,Bridge,Carpenter,Diplomat,Secret Passage,Emissary,Family of Inventors,,,,
11/15/23,Wed, ,,,,,,X,,,,,,,,X,,2,Oasis,Wizards,Broker,Carpenter,Cauldron,Highway,Hunter,Margrave,Modify,Specialist,,,,,
11/14/23,Tue,,,,,,,,,,,,X,,,,,1,Night Watchman,Secret Cave,Blessed Village,Exorcist,Skulk,Crypt,Cursed Village,Den of Sin,Sacred Grove,Tragic Hero,,,,,
11/13/23,Mon,X,,,,,,,,,,,,,X,,,2,Chapel,Supplies,Harbinger,Merchant,Bandit,Coven,Kiln,Sentry,Witch,Fisherman,Way of the Goat,Enclave,,,
11/12/23,Sun,X,X,X,,,,X,X,,,X,,X,,,X,8,Beggar,Courtyard,Castles,Cutpurse,Militia,Mountain Village,Spice Merchant,Cutthroat,Festival,Treasury,Reckless,Annex,,,Reckless trait for Beggar
11/11/23,Sat, ,X,X,,,X,X,,,X,X,X,,X,X,,9,Fool,Menagerie,Scheme,Sea Chart,Carpenter,Cemetery,Town,Lost City,Wild Hunt,Farm,Delay,,,,
11/10/23,Fri,,,,X,,,,,,,,,X,X,,,3,Ducat,Alchemist,Cardinal,Flag Bearer,Village Green,Falconer,Paddock,Recruiter,Sanctuary,Seer,Pageant,Demand,,,
11/9/23,Thu,,,,,,,,,X,,X,,,,,,2,Settlers,Catapult,Advisor,Sacrifice,Archive,Butcher,Capital,Charm,Groundskeeper,Merchant Guild,Defiled Shrine,Banquet,,,
11/8/23,Wed,,,,,,,,,,,,,X,,X,,2,Townsfolk,Cargo Ship,Clashes,Experiment,Underling,Innkeeper,Mountain Village,Priest,Scholar,Spices,Band of Nomads,Sinister Plot,Piazza,,
11/7/23,Tue,,,,,X,,,,,,,,,,,,1,Watchtower,Monument,Charlatan,Mint,Rabble,Hoard,Grand Market,Expand,Forge,King's Court,,,,,
11/6/23,Mon,X,,,,,,,,,,,,,X,,,2,Chapel,Moat,Moneylender,Barge,Displace,Mastermind,Sanctuary,Sentry,Fisherman,Destrier,Way of the Goat,Enhance,,,
11/5/23,Sun,X,X,X,,X,,,X,,,,,X,X,X,X,9,Vagrant,Clerk,Death Cart,Militia,Mountain Village,Treasure Map,Duke,Frigate,Galleria,Wharf,Way of the Owl,March,,,
11/4/23,Sat,X,,,,X,,X,,,X,X,,X,,X,X,8,Caravan Guard,Develop,Quarry,Throne Room,Capital,Haunted Woods,Market,Old Witch,Skirmisher,Wild Hunt,Delve,Rush,,,
11/3/23,Fri,,,,,,,,X,,,,,,X,,X,3,Camel Train,Scrap,Siren,Stowaway,Cavalry,Marauder,Cutthroat,Enlarge,Hunting Lodge,Knights,Way of the Pig,Commerce,,,
11/2/23,Thu,,,,,,,,X,,,,,,,,X,2,Siren,Death Cart,Harbor Village,Ironmonger,Wandering Minstrel,Counterfeit,Cultist,Graverobber,Junk Dealer,King's Cache,Prepare,,,,
11/1/23,Wed,,,,,,,,X,,,,,X,,,,2,Mountain Village,Procession,Band of Misfits,Catacombs,Count,Graverobber,Mystic,Rebuild,Scholar,Treasurer,Star Chart,Innovation,,,
10/31/23,Tue,,,,,,,,,,,,X,,,,,1,Druid,Monastery,Night Watchman,Cemetery,Necromancer,Idol,Pooka,Sacred Grove,Vampire,Werewolf,,,,,
10/30/23,Mon,X,,,,X,,,,,,,,,,,,2,Anvil,Village,Moneylender,Remodel,Bandit,Charlatan,Festival,Hoard,Grand Market,Bank,,,,,
10/29/23,Sun,,X,,,,,,X,,,X,X,,,X,X,6,Grotto,Guardian,Swindler,Wizards,Mapmaker,Shepherd,Band of Misfits,Catacombs,Swap,Raider,Friendly,Museum,City-State,,Friendly trait for Wizards
10/28/23,Sat,X,,X,,X,,X,X,X,,,,,X,,X,8,Fishing Village,Militia,Wandering Minstrel,Mine,Pendant,Quartermaster,Rabble,Soothsayer,Witch's Hut,King's Cache,Fawning,Way of the Pig,,,Fawning trait for Wandering Minstrel
10/27/23,Fri,X,,,,,,,,,,,,X,X,,,3,Border Guard,Camel Train,Scrap,Vassal,Hideout,Mountain Village,Village Green,Mastermind,Sentry,Witch,Fair,Canal,,,
10/26/23,Thu,,,,,,,,,,,,,,X,,,1,Camel Train,Sheepdog,Snowy Village,Cardinal,Hostelry,Barge,Falconer,Livery,Wayfarer,Animal Fair,Enhance,Desperation,,,
10/25/23,Wed,,,,,,X,X,,,,,,,,,,2,Hamlet,Guard Dog,Menagerie,Tunnel,Trader,Trail,Horn of Plenty,Inn,Souk,Border Village,,,,,
10/24/23,Tue,,X,,,,,,,,,,,,,,,1,Pawn,Bridge,Diplomat,Ironworks,Secret Passage,Minion,Patrol,Replace,Trading Post,Farm,,,,,
10/23/23,Mon,X,,,,,,,,,,,,,X,,,2,Cellar,Sheepdog,Snowy Village,Stockpile,Gardens,Smithy,Hunting Lodge,Mine,Paddock,Animal Fair,Way of the Rat,Invest,,,
10/22/23,Sun,,,,X,X,X,,X,,X,X,X,,,,X,8,Tracker,Scrying Pool,Amulet,Chariot Race,Fortune Teller,Bard,Rats,Rope,Artificer,Charlatan,Avoid,Delve,,,
10/21/23,Sat,,,X,X,,X,,,,,X,,X,X,X,X,8,Alchemist,Broker,Cavalry,Tournament,Legionary,Longship,Mastermind,Merchant Ship,Treasurer,Villain,Way of the Monkey,Order of Astrologers,,,
10/20/23,Fri,,X,,,,,,,,X,,,,,,X,3,Cage,Pawn,Guide,Masquerade,Fortune Hunter,Harbor Village,Rope,Quartermaster,Treasure Trove,Trickster,Fawning,Launch,,,Fawning trait for Fortune Hunter
10/19/23,Thu,,,,,,,,,X,,X,,,,,,2,Patrician,Settlers,Chariot Race,Plaza,Sacrifice,Archive,Baker,Capital,Crown,Groundskeeper,,,,,
10/18/23,Wed,,,X,,,,,X,,,,,,,,,2,Monkey,Armory,Caravan,Fortress,Ironmonger,Count,Outpost,Pillage,Tactician,Altar,,,,,
10/17/23,Tue,,,,,,,,X,,,,,,,,,1,Squire,Vagrant,Sage,Urchin,Feodum,Ironmonger,Wandering Minstrel,Band of Misfits,Junk Dealer,Rogue,,,,,
10/16/23,Mon,X,,,,X,,,,,,,,,,,,2,Chapel,Harbinger,Bandit,City,Collection,Laboratory,Rabble,Artisan,Hoard,Expand,,,,,
10/15/23,Sun,X,,X,,,,X,,,,X,X,X,X,,X,8,Fool's Gold,Experiment,Gladiator,Leprechaun,Secluded Shrine,Workshop,Spice Merchant,Longship,Sanctuary,Treasury,Way of the Camel,City Gate,,,
10/14/23,Sat,X,,,,,,,,,X,X,,,X,,X,5,Patrician,Peasant,Supplies,Cavalry,Magpie,Messenger,Council Room,Coven,Festival,Pickaxe,Battlefield,Way of the Worm,,,
10/13/23,Fri,X,,,,,,,,,,,,,,X,X,3,Jewelled Egg,Augurs,Importer,Sentinel,Workshop,Tools,Town,Buried Treasure,Market,Pilgrim,Fawning,Trappers’ Lodge,Maelstrom,,Fawning trait for Workshop
10/12/23,Thu,,,,,,,,,,,,,X,,X,,2,Ducat,Townsfolk,Odysseys,Sentinel,Wizards,Carpenter,Town,Highwayman,Scholar,Swap,Band of Nomads,Silos,Citadel,,
10/11/23,Wed,,,,,,,,,,,,X,,X,,,2,Guardian,Supplies,Fool,Bard,Blessed Village,Conclave,Barge,Den of Sin,Idol,Livery,Way of the Turtle,Alliance,,,
10/10/23,Tue,,,,,,,,,,,,,,,X,,1,Clashes,Importer,Innkeeper,Town,Emissary,Guildmaster,Hunter,Modify,Skirmisher,Swap,Order of Masons,,,,
10/9/23,Mon,X,,,,X,,,,,,,,,,,,2,Chapel,Anvil,Workshop,Clerk,Quarry,Remodel,Laboratory,War Chest,Grand Market,Bank,,,,,
10/8/23,Sun,,X,,,,,X,X,,X,X,X,,X,X,X,9,Encampment,Caravan Guard,Castles,Merchant Camp,Stockpile,Carpenter,Procession,Pooka,Border Village,Nobles,Launch,Salt the Earth,,,
10/7/23,Sat,,X,,,,X,,,X,,X,X,X,X,,X,8,Pawn,Castles,Leprechaun,Siren,Bard,Plaza,Displace,Hunting Party,Merchant Guild,Spices,,,,,
10/6/23,Fri,,X,,,X,,,,,,,,,,,X,3,Lurker,Monument,Quarry,Tiara,Collection,Magnate,Minion,Pilgrim,Quartermaster,Vault,Deliver,,,,
10/5/23,Thu,,,X,,,,,,,,X,,,,,,2,Royal Blacksmith,Lookout,Sea Chart,Cutpurse,Sailor,Temple,Capital,Charm,Groundskeeper,Merchant Ship,Battlefield,Donate,,,
10/4/23,Wed,,,,,,,,,,,X,,X,,,,2,Engineer,Royal Blacksmith,Border Guard,Enchantress,Research,Villa,Crown,Forum,Treasurer,Wild Hunt,Banquet,Sewers,,,
10/3/23,Tue,,,,,,,,,,X,,,,,,,1,Page,Amulet,Caravan Guard,Duplicate,Transmogrify,Distant Lands,Giant,Royal Carriage,Storyteller,Hireling,Pilgrimage,Ball,,,
10/2/23,Mon,X,,,,,,,,,X,,,,,,,2,Page,Ratcatcher,Caravan Guard,Gardens,Magpie,Militia,Miser,Relic,Wine Merchant,Artisan,Travelling Fair,Mission,,,
10/1/23,Sun,X,X,X,,,,,,X,X,,X,X,,X,,8,Coin of the Realm,Lurker,Warehouse,Transmogrify,Contract,Den of Sin,Festival,Hunter,Seer,Soothsayer,Crafters' Guild,Trade,,,
9/30/23,Sat, ,,,,,,X,X,X,X,,,,X,,X,6,Doctor,Fortress,Miser,Trader,Butcher,Catacombs,Distant Lands,Gatekeeper,Mystic,King's Cache,Stowaway,,,,Way of the Mouse
9/29/23,Fri,X,X,,,,,X,,,,,,,,,,3,Chapel,Courtyard,Pawn,Tunnel,Diplomat,Berserker,Duke,Market,Witch's Hut,Farm,,,,,
9/28/23,Thu,,,,,,,,,X,,,,,,,X,2,Jewelled Egg,Shaman,Stonemason,Masterpiece,Mapmaker,Longship,Mining Road,Pickaxe,Pilgrim,King's Cache,Launch,Scrounge,,,
9/27/23,Wed,,,,,,,,,,,X,,,,,X,2,Royal Blacksmith,Siren,Stowaway,Gondola,Maroon,Crew,Crown,Pendant,Wild Hunt,Sack of Loot,Defiled Shrine,Launch,,,
9/26/23,Tue, ,,,,X,,,,,,,,,,,,1,Watchtower,Bishop,Investment,Monument,Tiara,City,Collection,War Chest,Hoard,King's Court,,,,,
9/25/23,Mon,X,,,,,,,,X,,,,,,,,2,Candlestick Maker,Cellar,Chapel,Harbinger,Gardens,Moneylender,Herald,Baker,Festival,Laboratory,,,,,
9/24/23,Sun,X,X,,,X,,,,X,X,,X,,X,X,X,9,Page,Merchant Camp,Rope,Capital City,Crypt,Journeyman,Minion,Sentry,Skirmisher,Expand,Borrow,Way of the Sheep,,,
9/23/23,Sat,,,X,,X,X,,,,X,X,X,X,X,X,,9,Amulet,Changeling,Clashes,Lookout,Odysseys,Innkeeper,Monument,Patron,Harvest,Grand Market,Arena,Way of the Mule,,,
9/22/23,Fri,,,,X,,,,,,X,,,,X,,,3,Supplies,Gear,Familiar,Cavalry,Duplicate,Hostelry,Ranger,Bridge Troll,Storyteller,Hireling,Gamble,Expedition,,,
9/21/23,Thu, ,X,,,,,,,X,,,,,,,,2,Courtyard,Lurker,Pawn,Shanty Town,Masterpiece,Diplomat,Duke,Journeyman,Minion,Nobles,,,,,
9/20/23,Wed,,,,,X,,,,,,,,,X,,,2,Sleigh,Scrap,Watchtower,Bounty Hunter,Cavalry,Village Green,City,Crystal Ball,Rabble,Sanctuary,Toil,Enclave,,,
9/19/23,Tue,,,,,,,,,,,,,X,,,,1,Experiment,Improve,Flag Bearer,Priest,Silk Merchant,Scepter,Scholar,Sculptor,Seer,Spices,Fleet,Crop Rotation,,,
9/18/23,Mon,X,,,,,,,,,,,X,,,,,2,Cellar,Secret Cave,Vassal,Blessed Village,Throne Room,Cursed Village,Market,Sentry,Tormentor,Tragic Hero,,,,,
9/17/23,Sun,,X,,,,,,X,X,,,X,X,X,,,6,Vagrant,Changeling,Wishing Well,Cavalry,Rats,Count,Old Witch,Soothsayer,Swashbuckler,Wayfarer,Enclave,,,,
9/16/23,Sat,X,X,,,X,,X,,,,X,X,,X,,,7,Engineer,Leprechaun,Diplomat,Necromancer,Berserker,Coven,Replace,Sacred Grove,Sentry,Hoard,Mountain Pass,,,,
9/15/23,Fri,X,,,,,,X,,,X,,,,,,,3,Crossroads,Page,Merchant,Tunnel,Workshop,Remodel,Transmogrify,Festival,Margrave,Witch's Hut,,,,,
9/14/23,Thu,,,,,,,,X,,,,X,,,,,2,Secret Cave,Blessed Village,Death Cart,Feodum,Shepherd,Skulk,Count,Junk Dealer,Mystic,Raider,,,,,
9/13/23,Wed,,,,,,,,,,X,,,,X,,,2,Camel Train,Cardinal,Groom,Ranger,Artificer,Bridge Troll,Gatekeeper,Hunting Lodge,Kiln,Wine Merchant,Way of the Goat,Lost Arts,,,
9/12/23,Tue,,,,,,,,,,,,,,X,,,1,Supplies,Goatherd,Sheepdog,Stockpile,Cavalry,Groom,Village Green,Gatekeeper,Paddock,Wayfarer,Delay,Way of the Turtle,,,
9/11/23,Mon,X,,,,,X,,,,,,,,,,,2,Hamlet,Moat,Bureaucrat,Militia,Moneylender,Poacher,Remodel,Smithy,Library,Market,,,,,
9/10/23,Sun,X,,,X,,X,,,,,X,X,X,X,X,X,9,Sleigh,University,Castles,Fortune Teller,Importer,Village,Flag Bearer,Figurine,Spices,Werewolf,Circle of Witches,Conquest,Barracks,,
9/9/23,Sat,,X,,X,X,,X,,X,,,,X,,,X,7,Crossroads,Scrying Pool,Steward,Abundance,Clerk,Mountain Village,Taxman,Trader,Crystal Ball,Magnate,,,,,
9/8/23,Fri,,,,X,,X,,,X,,,,,,,,3,Candlestick Maker,Stonemason,Alchemist,Philosopher's Stone,Remake,Taxman,Apprentice,Harvest,Hunting Party,Journeyman,,,,,
9/7/23,Thu,,,,X,,,X,,,,,,,,,,2,Vineyard,Apothecary,Scrying Pool,Alchemist,Familiar,Trail,Apprentice,Cauldron,Haggler,Wheelwright,,,,,
9/6/23,Wed,,,,,,,,,,,X,,X,,,,2,Engineer,Ducat,Patrician,Cargo Ship,Gladiator,Inventor,Villa,Spices,Villain,Wild Hunt,Baths,Palace,,,
9/5/23,Tue,,,,,,,,,,,,,,,X,,1,Sycophant,Augurs,Odysseys,Underling,Courier,Innkeeper,Barbarian,Capital City,Hunter,Specialist,Coastal Haven,,,,
9/4/23,Mon,X,,,,,,,,,,,,,X,,,2,Sleigh,Goatherd,Sheepdog,Gardens,Moneylender,Village Green,Coven,Gatekeeper,Mastermind,Sanctuary,Way of the Owl,Bargain,,,
9/3/23,Sun,,X,X,X,,,,,,,X,,X,X,X,X,8,City Quarter,Bauble,Ducat,Cargo Ship,Fishing Village,Swindler,Maroon,Corsair,Seer,Possession,Way of the Goat,Circle of Witches,Innovation,,
9/2/23,Sat,,,X,X,X,,,,,,X,X,,X,,X,7,Black Cat,Lighthouse,Siren,Philosopher's Stone,Mapmaker,Temple,Treasure Map,Outpost,Rabble,Tormentor,Fountain,Triumphal Arch,,,
9/1/23,Fri,,,,,,,,,X,X,,,,,,X,3,Search,Guide,Advisor,Rope,Swamp Shacks,Butcher,Pickaxe,Silver Mine,Soothsayer,Trickster,,,,,
8/31/23,Thu,,,,,,,,X,,,,,,,,,1,Poor House,Market Square,Sage,Armory,Feodum,Wandering Minstrel,Count,Counterfeit,Knights,Rogue,,,,,
8/30/23,Wed,,,,,,,,X,,,,,,,X,,2,Squire,Vagrant,Underling,Broker,Royal Galley,Band of Misfits,Junk Dealer,Knights,Mystic,Rebuild,Fellowship of Scribes,,,,
8/29/23,Tue,,,,,,,,,,,,,X,,,,1,Ducat,Experiment,Improve,Hideout,Inventor,Mountain Village,Priest,Research,Old Witch,Scholar,Star Chart,Citadel,,,
8/28/23,Mon,X,,X,,,,,,,,,,,,,,2,Cellar,Astrolabe,Warehouse,Blockade,Bureaucrat,Caravan,Moneylender,Sailor,Tide Pools,Council Room,,,,,
8/27/23,Sun,,,X,X,,,X,X,,X,,X,,X,X,X,9,Apothecary,Market Square,Snowy Village,Tunnel,Bounty Hunter,Devil's Workshop,Innkeeper,First Mate,Idol,Outpost,Way of the Butterfly,Seaway,,,
8/26/23,Sat,X,,X,,X,X,,,,,X,X,X,X,X,X,10,Jewelled Egg,Moat,Forts,Ghost Town,Menagerie,Blockade,Bounty Hunter,Investment,Mapmaker,Scepter,Wedding,Canal,,,
8/25/23,Fri,X,X,,,,,,,,,,,,,,X,3,Cellar,Stowaway,Bridge,Conspirator,Crucible,Maroon,Secret Passage,Figurine,First Mate,Pilgrim,Prosper,,,,
8/24/23,Thu,,,X,X,,,,,,,,,,,,,2,Haven,Native Village,Monkey,Sea Chart,Familiar,Treasure Map,Corsair,Sea Witch,Tactician,Possession,,,,,
8/23/23,Wed,,,,,,,,X,,,,,X,,,,2,Ducat,Hermit,Urchin,Death Cart,Feodum,Flag Bearer,Mountain Village,Rats,Scepter,Sculptor,Fair,Road Network,,,
8/22/23,Tue,,,,,,,,,,,,X,,,,,1,Druid,Guardian,Monastery,Pixie,Tracker,Leprechaun,Night Watchman,Bard,Skulk,Tormentor,,,,,
8/21/23,Mon,X,,,,,,,X,,,,,,,,,2,Squire,Vassal,Gardens,Bandit Camp,Council Room,Counterfeit,Festival,Mystic,Rebuild,Witch,,,,,
8/20/23,Sun,,,,,,,,,,X,X,,X,,X,X,5,Encampment,Stowaway,Harbor Village,Maroon,Silk Merchant,Swamp Shacks,Town,Buried Treasure,Pickaxe,Treasurer,Plan,Windfall,,,
8/19/23,Sat,X,,X,,,,,,,X,,X,X,X,,X,7,Druid,Monastery,Cargo Ship,Scrap,Village,Cemetery,Bazaar,First Mate,Mine,Hireling,Pursue,Barracks,,,
8/18/23,Fri,,,,,,,,X,,,,,X,,X,,3,Clashes,Sage,Storeroom,Wizards,Carpenter,Innkeeper,Contract,Graverobber,Highwayman,Rebuild,Order of Masons,Star Chart,Canal,,
8/17/23,Thu,,,,,,X,,,,,,,,,X,,2,Fortune Teller,Importer,Menagerie,Odysseys,Sentinel,Broker,Innkeeper,Town,Hunter,Swap,Peaceful Cult,,,,
8/16/23,Wed, ,,,,,,,,,,,X,,,,X,2,Cage,Shaman,Ghost Town,Secluded Shrine,Blessed Village,Cemetery,Mapmaker,Figurine,Tormentor,Trickster,Bury,Avoid,,,
8/15/23,Tue,,,,,,,X,,,,,,,,,,1,Develop,Guard Dog,Scheme,Tunnel,Jack of All Trades,Nomads,Cartographer,Stables,Border Village,Farmland,,,,,
8/14/23,Mon,X,,,,X,,,,,,,,,,,,2,Chapel,Anvil,Vassal,Village,City,Council Room,Festival,Magnate,Market,Mint,,,,,
8/13/23,Sun, ,,,,,,X,,X,X,,X,X,X,X,,7,Cargo Ship,Changeling,Odysseys,Plaza,Barbarian,Berserker,Cursed Village,Recruiter,Relic,Border Village,Way of the Monkey,Transport,,,
8/12/23,Sat,X,X,,X,X,,X,X,,,,X,,,,X,8,Cage,Shaman,University,Secluded Shrine,Ironmonger,Smithy,Spice Merchant,Den of Sin,Torturer,Peddler,Mirror,,,,
8/11/23,Fri,,,,,,X,,,,X,,,X,,,,3,Dungeon,Patron,Young Witch,Distant Lands,Haunted Woods,Horn of Plenty,Jester,Lost City,Recruiter,Scholar,Gear,Bonfire,Cathedral,,
8/10/23,Thu,,,,,,,,,,,,,X,,X,,2,Border Guard,Forts,Improve,Inventor,Research,Royal Galley,Capital City,Scepter,Treasurer,Marquis,Pageant,,,,
8/9/23,Wed,,X,,,,,,,,,,,,,,X,2,Pawn,Secluded Shrine,Swindler,Abundance,Secret Passage,Courtier,Duke,Minion,Pendant,Torturer,Shy,Scrounge,,,Shy trait for Secret Passage
8/8/23,Tue,,,,,,,,,,,,,,,X,,1,Townsfolk,Augurs,Importer,Merchant Camp,Royal Galley,Town,Barbarian,Contract,Hunter,Specialist,Peaceful Cult,,,,
8/7/23,Mon,X,,,,,,,,,,,,,,X,,2,Bauble,Moat,Odysseys,Bureaucrat,Remodel,Smithy,Capital City,Contract,Highwayman,Swap,Order of Astrologers,,,,
8/6/23,Sun,,,,,X,X,,,,X,,X,X,,X,X,7,Hamlet,Experiment,Underling,Devil's Workshop,Rope,Galleria,Jester,Mint,Tragic Hero,Wine Merchant,League of Bankers,,,,
8/5/23,Sat,X,,,X,X,,,,X,X,,X,X,X,X,,9,Cargo Ship,Watchtower,Masterpiece,Innkeeper,Militia,Barbarian,Displace,Relic,Raider,Possession,Populate,,,,
8/4/23,Fri,,,X,,,X,,,,,,,,X,,,3,Sleigh,Fortune Teller,Bounty Hunter,Caravan,Cavalry,Groom,Salvager,Falconer,Outpost,Tactician,Transport,Invest,,,
8/3/23,Thu,,,,,,,,,,X,,X,,,,,2,Raze,Secret Cave,Devil's Workshop,Duplicate,Shepherd,Skulk,Bridge Troll,Cursed Village,Pooka,Hireling,Borrow,,,,
8/2/23,Wed,,,,,,,,X,,,,,,,,X,2,Vagrant,Gondola,Swamp Shacks,Band of Misfits,Bandit Camp,Enlarge,Figurine,Pilgrim,Pillage,Altar,Cursed,Prosper,,,Cursed trait for Pilgrim
8/1/23,Tue,,,,,,,,,,,,,,,,X,1,Secluded Shrine,Cabin Boy,Harbor Village,Mapmaker,Buried Treasure,Cutthroat,Enlarge,Frigate,Quartermaster,Silver Mine,Rush,Maelstrom,,,
7/31/23,Mon,X,,,,,,,,,,,,,,,X,2,Cage,Fortune Hunter,Gondola,Mapmaker,Militia,Smithy,Swamp Shacks,Enlarge,First Mate,Quartermaster,,,,,
7/30/23,Sun,X,X,,X,,X,X,,,,,,,X,X,X,8,Apothecary,Wizards,Harbor Village,Remake,Festival,Paddock,Trading Post,Artisan,Farmland,Possession,Way of the Squirrel,Desert Guides,Foray,,
7/29/23,Sat,X,X,,,X,X,X,X,,X,X,X,,,,X,10,Develop,Blessed Village,Cabin Boy,Sacrifice,Smithy,Young Witch,Cauldron,Trading Post,Grand Market,King's Cache,Forager,Pathfinding,,,Forager is Bane card
7/28/23,Fri, ,X,,X,,X,,,,,,,,,,,3,Courtyard,Herbalist,Lurker,Masquerade,Steward,Farming Village,Golem,Duke,Horn of Plenty,Patrol,,,,,
7/27/23,Thu,,,,,,X,X,,,,,,,,,,2,Scheme,Jack of All Trades,Spice Merchant,Tournament,Berserker,Haggler,Harvest,Hunting Party,Jester,Farmland,,,,,
7/26/23,Wed,,,,,,,,,X,,,,,X,,,2,Black Cat,Goatherd,Plaza,Butcher,Gatekeeper,Hunting Lodge,Kiln,Mastermind,Merchant Guild,Animal Fair,Way of the Butterfly,Stampede,,,
7/25/23,Tue,,,X,,,,,,,,,,,,,,1,Native Village,Sea Chart,Blockade,Caravan,Island,Treasure Map,Bazaar,Merchant Ship,Sea Witch,Treasury,,,,,
7/24/23,Mon,X,,,,,,,X,,,,,,,,,2,Squire,Vagrant,Storeroom,Urchin,Vassal,Feodum,Council Room,Festival,Pillage,Rogue,,,,,
7/23/23,Sun,,X,,,,,X,,,,,X,X,,X,X,6,Fool's Gold,Monastery,Merchant Camp,Night Watchman,Conspirator,Patron,Town,Minion,Skirmisher,Wheelwright,Reckless,Maelstrom,,,Reckless trait for Fool's Gold
7/22/23,Sat,,X,,X,,,X,X,,X,,X,X,X,,X,9,Sleigh,University,Hermit,Blessed Village,Crucible,Hideout,Ironworks,Cutthroat,Pilgrim,Farmland,Cheap,Trade,,,Cheap trait for Blessed Village
7/21/23,Fri,,,X,,,,,X,,,,,,,,X,3,Cage,Grotto,Lighthouse,Market Square,Monkey,Flagship,Fortune Hunter,Band of Misfits,Crew,Pickaxe,Friendly,Bury,,,Friendly trait for Band of Misfits
7/20/23,Thu,,,,,,X,,,X,,,,,,,,2,Candlestick Maker,Stonemason,Fortune Teller,Remake,Taxman,Butcher,Horn of Plenty,Hunting Party,Journeyman,Fairgrounds,,,,,
7/19/23,Wed,,,X,,,,,,,X,,,,,,,2,Native Village,Smugglers,Messenger,Ranger,Lost City,Pirate,Royal Carriage,Treasure Trove,Wharf,Wine Merchant,Bonfire,Pilgrimage,,,
7/18/23,Tue,,,,,,,,,,X,,,,,,,1,Page,Raze,Duplicate,Port,Transmogrify,Haunted Woods,Royal Carriage,Swamp Hag,Treasure Trove,Wine Merchant,Quest,Travelling Fair,,,
7/17/23,Mon,X,,,,,,X,,,,,,,,,,2,Cellar,Chapel,Vassal,Village,Gardens,Smithy,Council Room,Inn,Moat,Wheelwright,,,,,
7/16/23,Sun,X,X,,,X,,,X,,X,X,,,X,X,X,9,Bauble,Beggar,Sleigh,Farmers' Market,Masquerade,Temple,Artificer,Council Room,Crew,King's Court,Order of Masons,Way of the Goat,Training,,
7/15/23,Sat,,X,,,,,X,X,X,,X,X,,X,,X,8,Guardian,Sage,Armory,Ironworks,Baker,Groundskeeper,Mystic,Pilgrim,Souk,Wild Hunt,Way of the Owl,Salt the Earth,,,
7/14/23,Fri,,,,X,X,,,,,,,,,,X,,3,Wizards,Philosopher's Stone,Innkeeper,Investment,Galleria,Specialist,Swap,Marquis,Possession,Bank,League of Shopkeepers,,,,
7/13/23,Thu,,,,,,,X,,,,,,,,,X,2,Cage,Fool's Gold,Guard Dog,Tunnel,Landing Party,Maroon,Tools,Frigate,Quartermaster,Silver Mine,Hasty,Invasion,,,Hasty trait for Tools
7/12/23,Wed,,,,,,,,,,,,,X,,X,,2,Acting Troupe,Sentinel,Hideout,Innkeeper,Mountain Village,Patron,Research,Barbarian,Scholar,Sculptor,Capitalism,Canal,,,
7/11/23,Tue,,,,,,,X,,,,,,,,,,1,Crossroads,Develop,Spice Merchant,Trail,Berserker,Haggler,Margrave,Souk,Witch's Hut,Farmland,,,,,
7/10/23,Mon,X,,,,,,,,,,X,,,,,,2,Overlord,Patrician,Catapult,Vassal,Moneylender,Poacher,Temple,Capital,Council Room,Market,Orchard,Conquest,,,
7/9/23,Sun,,,X,X,X,,,X,,,X,X,X,X,X,,9,Transmute,Lighthouse,Chariot Race,Fishing Village,Wizards,Fortress,Groundskeeper,Treasury,Vault,Raider,Way of the Ox,Crafters' Guild,Academy,,
7/8/23,Sat,,X,,,X,,X,X,,,X,,,X,,X,7,Jewelled Egg,Urchin,Armory,Death Cart,Diplomat,Jack of All Trades,Secret Passage,Crystal Ball,Graverobber,Vault,Tower,Way of the Horse,,,
7/7/23,Fri,,,,,X,,,,X,,,,,,,X,3,Secluded Shrine,Fortune Hunter,Maroon,Quarry,Herald,Buried Treasure,Collection,Crew,Crystal Ball,King's Cache,Patient,Reckless,,,"Patient trait for Fortune Hunter, Reckless trait for King's Cache"
7/6/23,Thu,,,,,,,,X,,,X,,,,,,2,Market Square,Urchin,Death Cart,Sacrifice,Archive,Catacombs,Charm,Rebuild,Rogue,Hunting Grounds,Aqueduct,Tax,,,
7/5/23,Wed,,,,,,,,,,,X,,,,,X,2,Engineer,Grotto,Jewelled Egg,Gladiator,Secluded Shrine,Crucible,Mapmaker,Villa,Archive,Wild Hunt,Friendly,Dominate,,,Friendly trait for Wild Hunt
7/4/23,Tue,,,,,,,,,,,,,,X,,,1,Black Cat,Goatherd,Snowy Village,Bounty Hunter,Hostelry,Displace,Falconer,Gatekeeper,Fisherman,Wayfarer,Way of the Goat,Ride,,,
7/3/23,Mon,X,,,,,,,,,,,,X,,,,2,Cellar,Inventor,Mountain Village,Poacher,Council Room,Festival,Scepter,Scholar,Sculptor,Artisan,Fair,Canal,,,
7/2/23,Sun,,,,,X,,,X,X,,X,,X,X,X,X,8,City Quarter,Border Guard,Sycophant,Abundance,Barge,Butcher,Mystic,Paddock,Seer,Forge,Arena,League of Bankers,Demand,,
7/1/23,Sat,X,,X,,X,,,,,X,,,,X,X,X,7,Chapel,Grotto,Sea Chart,Stowaway,Vassal,Carpenter,Quarry,Town,Distant Lands,Frigate,Stampede,,,,
6/30/23,Fri,,,,,X,,,,,X,,,,X,,,3,Raze,Groom,Port,Transmogrify,Village Green,Barge,Falconer,Vault,War Chest,Bank,Desperation,Way of the Mole,,,
6/29/23,Thu,,,,,,,,,X,,,,,,,X,2,Secluded Shrine,Abundance,Advisor,Landing Party,Rope,Swamp Shacks,First Mate,Merchant Guild,Pilgrim,Silver Mine,Patient,Looting,,,Patient trait for Rope
6/28/23,Wed,,,X,,,,,,,,,,,,X,,2,Native Village,Clashes,Warehouse,Wizards,Blockade,Caravan,Barbarian,Emissary,Merchant Ship,Modify,Peaceful Cult,,,,
6/27/23,Tue,,,,,,,,,,X,,,,,,,1,Coin of the Realm,Page,Dungeon,Duplicate,Ranger,Artificer,Distant Lands,Giant,Storyteller,Swamp Hag,,,,,
6/26/23,Mon,X,,,,,,,,,,,,,X,,,2,Supplies,Cavalry,Gardens,Poacher,Throne Room,Council Room,Laboratory,Mine,Fisherman,Animal Fair,Delay,Desperation,,,
6/25/23,Sun,,,X,,X,,X,X,,X,X,,,X,X,,8,Guide,Watchtower,Armory,Sacrifice,Spice Merchant,Seaway,Town,Berserker,Treasury,Expand,Peddler,Toil,Seaway,,
6/24/23,Sat,X,X,,X,X,,,X,,X,X,,X,,X,,9,Lurker,University,Cargo Ship,Bureaucrat,Wandering Minstrel,Charm,Collection,Specialist,Trading Post,Wine Merchant,,,,,
6/23/23,Fri,,,,,,X,X,,,,X,,,,,,3,Overlord,Enchantress,Berserker,Capital,Forum,Harvest,Inn,Margrave,Souk,Farmland,Obelisk,Tower,,,
6/22/23,Thu,,,,,,,,,X,,,,,X,,,2,Supplies,Scrap,Snowy Village,Bounty Hunter,Cardinal,Baker,Kiln,Merchant Guild,Soothsayer,Animal Fair,March,Invest,,,
6/21/23,Wed,,X,,,,,,,,,,X,,,,,2,Secret Cave,Swindler,Blessed Village,Mill,Secret Passage,Shepherd,Skulk,Crypt,Patrol,Tormentor,,,,,
6/20/23,Tue,,X,,,,,,,,,,,,,,,1,Courtyard,Lurker,Pawn,Swindler,Conspirator,Ironworks,Mill,Duke,Replace,Nobles,,,,,
6/19/23,Mon,X,,,X,,,,,,,,,,,,,2,Vineyard,Moat,Scrying Pool,University,Familiar,Bureaucrat,Moneylender,Remodel,Sentry,Possession,,,,,
6/18/23,Sun,,X,,,,,,X,,,,X,X,X,X,X,7,Pixie,Masquerade,Fortune Hunter,Research,Bandit Camp,Capital City,Courtier,Emissary,Galleria,Hunting Grounds,Delay,Guildhall,Cave Dwellers,,
6/17/23,Sat,X,X,,X,,,,X,,,X,X,,X,,,7,Guardian,Moat,Pawn,Squire,Fool,Philosopher's Stone,Capital,Counterfeit,Mystic,Possession,Way of the Horse,,,,
6/16/23,Fri,,,X,,X,,,,X,,,,,,,,3,Candlestick Maker,Lighthouse,Anvil,Fishing Village,Journeyman,Magnate,Rabble,Soothsayer,War Chest,Grand Market,,,,,
6/15/23,Thu,,,,,,X,,,,,,,,,,X,2,Hamlet,Jewelled Egg,Farming Village,Maroon,Swamp Shacks,Longship,Mining Road,Pilgrim,Silver Mine,Sack of Loot,Prepare,Looting,,,
6/14/23,Wed,,,,,X,,,,,,,,,,X,,2,Merchant Camp,Bishop,Carpenter,Courier,Barbarian,Galleria,Mint,Rabble,Swap,Peddler,,,,,
6/13/23,Tue,,,,,,,,,,,,,,,X,,1,Clashes,Importer,Sentinel,Town,Capital City,Contract,Guildmaster,Highwayman,Skirmisher,Specialist,City-State,,,,
6/12/23,Mon,X,,,,,,,,,,,X,,,,,2,Druid,Secret Cave,Vassal,Cemetery,Devil's Workshop,Militia,Shepherd,Cobbler,Council Room,Laboratory,,,,,
6/11/23,Sun,,,X,,X,,,,X,,,X,X,X,X,X,8,Experiment,Underling,Tiara,Baker,Displace,Gatekeeper,Pilgrim,Sacred Grove,Tactician,War Chest,Tireless,Peaceful Cult,,,Tireless trait for Gatekeeper
6/10/23,Sat,,X,X,X,,,,,,,,,,X,X,X,6,Black Cat,Fishing Village,Odysseys,Secluded Shrine,Steward,Philosopher's Stone,Pickaxe,Sanctuary,Skirmisher,Farm,Toil,Commerce,,,
6/9/23,Fri,X,,,,,,X,,,,,,,,,X,3,Grotto,Secluded Shrine,Siren,Gardens,Landing Party,Militia,Poacher,Spice Merchant,Crew,Inn,Friendly,Inspiring,,,"Friendly trait for Militia, Inspiring trait for Inn"
6/8/23,Thu,,X,,,,,,,,,,,,X,,,2,Courtyard,Swindler,Bridge,Secret Passage,Village Green,Courtier,Trading Post,Fisherman,Nobles,Animal Fair,Way of the Owl,Stampede,,,
6/7/23,Wed,,,,,,,X,,,X,,,,,,,2,Crossroads,Raze,Guard Dog,Jack of All Trades,Trail,Transmogrify,Cartographer,Haunted Woods,Stables,Swamp Hag,Alms,Expedition,,,
6/6/23,Tue,,,,,,,,,,,,,,,X,,1,Bauble,Sycophant,Townsfolk,Clashes,Importer,Broker,Carpenter,Innkeeper,Royal Galley,Highwayman,Plateau Shepherds,,,,
6/5/23,Mon,X,,,,,,,X,,,,,,,,,2,Beggar,Cellar,Workshop,Remodel,Scavenger,Bandit Camp,Junk Dealer,Knights,Pillage,Hunting Grounds,,,,,
6/4/23,Sun,,,X,X,X,,,,X,,X,X,,X,X,X,9,Apothecary,Leprechaun,Lookout,Odysseys,Masterpiece,Courier,Innkeeper,Den of Sin,Expand,King's Cache,Obelisk,Stampede,,,Obelisk target is Courier
6/3/23,Sat,X,,,X,,,X,X,,X,,,X,X,X,X,9,Caravan Guard,Vassal,Philosopher's Stone,Death Cart,Royal Galley,Trail,Band of Misfits,Gatekeeper,Villain,Witch,Delay,Pious,,,Pious trait for Caravan Guard
6/2/23,Fri,,,X,X,,,,,,,,,,X,,,3,Vineyard,Sleigh,Camel Train,Lookout,Smugglers,Coven,Displace,Falconer,Mastermind,Wayfarer,Way of the Pig,Bargain,,,
6/1/23,Thu,,,,X,,,,,,X,,,,,,,2,Coin of the Realm,Page,Peasant,Apothecary,Dungeon,Magpie,Messenger,Miser,Wine Merchant,Hireling,Travelling Fair,Seaway,,,
5/31/23,Wed,,,X,,,,,,,,,,,,,X,2,Lookout,Monkey,Sea Chart,Blockade,Caravan,Mapmaker,Salvager,Swamp Shacks,Longship,Trickster,Fated,,,,Fated trait for Lookout
5/30/23,Tue,,X,,,,,,,,,,,,,,,1,Conspirator,Ironworks,Mill,Mining Village,Secret Passage,Minion,Patrol,Torturer,Upgrade,Nobles,,,,,
5/29/23,Mon,X,,,,,X,,,,,,,,,,,2,Cellar,Moat,Harbinger,Vassal,Village,Bureaucrat,Farming Village,Moneylender,Jester,Market,,,,,
5/28/23,Sun,X,,X,,,X,X,,,,,,X,,,X,6,Cellar,Grotto,Acting Troupe,Flagship,Patron,Tide Pools,Tournament,Berserker,Pirate,King's Cache,Fated,,,,Fated trait for Berserker
5/27/23,Sat,,,X,,X,X,X,X,X,X,X,,,X,X,X,11,Haven,Anvil,Secluded Shrine,Marauder,Quarry,Young Witch,Herald,Hunter,Border Village,Forge,Peasant,Orchard,Ride,,
5/26/23,Fri,,,,,,,,,,,,,,,X,X,2,Jewelled Egg,Townsfolk,Secluded Shrine,Taskmaster,Carpenter,Harbor Village,Highwayman,Quartermaster,Skirmisher,Swap,Inherited,Scrounge,,,Inherited trait for Highwayman
5/25/23,Thu,,,,,,,,,X,,,X,,,,,2,Faithful Hound,Shepherd,Taxman,Herald,Crypt,Idol,Journeyman,Pooka,Tormentor,Vampire,,,,,
5/24/23,Wed,,,,,X,,,,,,X,,,,,,2,Patrician,Enchantress,Sacrifice,Temple,Tiara,City,Rabble,Wild Hunt,Forge,Peddler,Orchard,Tax,,,
5/23/23,Tue,,,,,,,,,,,X,,,,,,1,Overlord,Royal Blacksmith,Patrician,Enchantress,Farmers' Market,Gladiator,Temple,Villa,Capital,Wild Hunt,Baths,Salt the Earth,,,
5/22/23,Mon,X,,,,,,,,,,,X,,,,,2,Changeling,Ghost Town,Bureaucrat,Cemetery,Poacher,Throne Room,Bandit,Crypt,Idol,Sacred Grove,,,,,
5/21/23,Sun,X,,,X,,,,X,,X,X,,,X,,X,7,Coin of the Realm,Goatherd,Bounty Hunter,Rats,Golem,Pickaxe,Relic,Sentry,Wealthy Village,King's Cache,Palace,Conquest,,,
5/20/23,Sat,,X,X,X,X,,X,,X,X,X,,X,,X,X,11,Herbalist,Dungeon,Harbor Village,Secret Passage,Silk Merchant,Tiara,Baker,Merchant Ship,Skirmisher,Witch's Hut,Palace,Wedding,,,
5/19/23,Fri,,,,,X,,,,,,X,X,,,,,3,Catapult,Night Watchman,Cemetery,Conclave,Capital,Idol,Tragic Hero,Grand Market,Expand,Peddler,Battlefield,Annex,,,
5/18/23,Thu,,X,,,,,,,,,,,,,X,,2,Bauble,Pawn,Clashes,Shanty Town,Swindler,Secret Passage,Replace,Torturer,Upgrade,Farm,City-State,,,,
5/17/23,Wed,,,,,,,,X,,,,,,,X,,2,Forts,Hermit,Sentinel,Broker,Carpenter,Innkeeper,Capital City,Galleria,Graverobber,Rebuild,,,,,
5/16/23,Tue,,,,,,,,,,,,X,,,,,1,Guardian,Pixie,Leprechaun,Bard,Cemetery,Exorcist,Skulk,Idol,Tragic Hero,Werewolf,,,,,
5/15/23,Mon,X,,,,,,,,,,,,,,,X,2,Grotto,Moat,Harbinger,Flagship,Landing Party,Militia,Swamp Shacks,Library,Mine,Pilgrim,Launch,Looting,,,
5/14/23,Sun,X,X,X,,,,,X,,,,X,X,X,,X,8,Acting Troupe,Cargo Ship,Exorcist,Salvager,Count,Duke,Festival,Pickaxe,Rogue,Villain,Way of the Pig,,,,
5/13/23,Sat,X,,X,,,,X,X,,X,X,,X,X,,X,9,Engineer,Candlestick Maker,Warehouse,Gardens,Maroon,Weaver,Bandit Camp,Sanctuary,Swashbuckler,Hireling,Nearby,Alliance,,,Nearby trait for Hireling
5/12/23,Fri,X,,,,,,,,,,X,,,X,,,3,Patrician,Camel Train,Farmers' Market,Workshop,Cavalry,Militia,Barge,Gatekeeper,Wild Hunt,Artisan,Basilica,Obelisk,,,
5/11/23,Thu,,,,,X,,,X,,,,,,,,,2,Beggar,Feodum,Investment,Scavenger,Catacombs,Charlatan,Crystal Ball,Rabble,Hoard,Forge,,,,,
5/10/23,Wed,,,,,,,,,,X,,,,,,X,2,Ratcatcher,Amulet,Magpie,Miser,Transmogrify,Artificer,Mining Road,Pendant,Pickaxe,Wealthy Village,Reckless,Tireless,,,"Reckless trait for Miser, Tireless trait for Transmogrify"
5/9/23,Tue,,,,,,,,,,,,,,X,,,1,Sleigh,Supplies,Scrap,Snowy Village,Hostelry,Barge,Mastermind,Paddock,Destrier,Wayfarer,,,,,
5/8/23,Mon,X,,,,,,X,,,,,,,,,,2,Tunnel,Vassal,Gardens,Jack of All Trades,Nomads,Spice Merchant,Cartographer,Laboratory,Library,Witch's Hut,,,,,
5/7/23,Sun,,X,X,,,,,,,X,X,,X,X,X,X,8,Cage,Chariot Race,Fishing Village,Flag Bearer,Innkeeper,Mountain Village,Secret Passage,Archive,Trading Post,Treasure Trove,Ride,Trade,,,
5/6/23,Sat,,X,X,,,X,X,,,X,X,X,X,,X,X,10,Amulet,Merchant Camp,Skulk,Contract,Crypt,Haggler,Horn of Plenty,Tactician,Trading Post,King's Cache,Wall,Crop Rotation,Circle of Witches,,
5/5/23,Fri,X,,,,,,,,,X,,,,,X,,3,Caravan Guard,Clashes,Merchant Camp,Broker,Remodel,Bandit,Festival,Galleria,Specialist,Storyteller,Alms,Ferry,League of Shopkeepers,,
5/4/23,Thu,,,,,X,X,,,,,,,,,,,2,Fortune Teller,Tournament,Charlatan,Magnate,Mint,Vault,Fairgrounds,Hoard,Grand Market,Expand,,,,,
5/3/23,Wed,,,,,X,,,,,,,,X,,,,2,Improve,Watchtower,Clerk,Hideout,Investment,Patron,Research,Sculptor,Vault,King's Court,,,,,
5/2/23,Tue,,,X,,,,,,,,,,,,,,1,Haven,Lighthouse,Native Village,Sea Chart,Warehouse,Cutpurse,Salvager,Corsair,Sea Witch,Wharf,,,,,
5/1/23,Mon,X,,,,,,,,X,,,,,,,,2,Doctor,Masterpiece,Poacher,Taxman,Throne Room,Baker,Butcher,Council Room,Soothsayer,Witch,,,,,
4/30/23,Sun,,,X,X,,,X,,X,X,X,X,,X,,X,9,Faithful Hound,Tracker,Amulet,Doctor,Philosopher's Stone,Bard,Cavalry,Village Green,Margrave,Treasury,Shy,Windfall,,,Shy trait for Treasury
4/29/23,Sat,,,X,,,,,X,,X,X,X,X,X,,X,8,Border Guard,Camel Train,Forager,Cabin Boy,Treasure Map,Villa,Crypt,Haunted Woods,Sculptor,Seer,Way of the Ox,Stampede,,,
4/28/23,Fri,,X,,,,,,X,,,,,,,X,,3,Importer,Masquerade,Wizards,Armory,Baron,Ironworks,Band of Misfits,Galleria,Trading Post,Hunting Grounds,Fellowship of Scribes,,,,
4/27/23,Thu,,,,,,,,,,,,X,,,,X,2,Guardian,Siren,Exorcist,Shepherd,Longship,Mining Road,Pendant,Pooka,Quartermaster,King's Cache,Inspiring,Invasion,,,Inspiring trait for Longship
4/26/23,Wed,,,,,,,,,,,,,,X,,X,2,Black Cat,Taskmaster,Abundance,Cardinal,Landing Party,Tools,Falconer,Pilgrim,Wealthy Village,Animal Fair,,,,,
4/25/23,Tue,,,,,X,,,,,,,,,,,,1,Clerk,Quarry,Tiara,Charlatan,Collection,Crystal Ball,Mint,Vault,Grand Market,Expand,,,,,
4/24/23,Mon,X,,,,,,,,,,,,,,X,,2,Bauble,Cellar,Townsfolk,Militia,Smithy,Throne Room,Capital City,Council Room,Emissary,Specialist,Plateau Shepherds,,,,
4/23/23,Sun,,X,X,,X,,X,X,,,X,,X,,X,X,9,Bishop,Diplomat,Sacrifice,Bandit Camp,Cauldron,Charlatan,Crew,Outpost,Skirmisher,Peddler,Fawning,Exploration,,,Fawning trait for Crew
4/22/23,Sat,X,,X,,,,,,X,X,X,,X,,,X,7,Stonemason,Catapult,Sea Chart,Doctor,Masterpiece,Abundance,Swamp Shacks,Lost City,Sentry,Tactician,Exploration,Salt the Earth,,,
4/21/23,Fri,,,X,,,,,,,,X,,,,,X,3,City Quarter,Royal Blacksmith,Sea Chart,Taskmaster,Mapmaker,Villa,Corsair,Crown,Frigate,Legionary,Shy,Rush,,,Shy trait for Frigate
4/20/23,Thu,,,,,,,,,,,,,,,X,X,2,Cage,Jewelled Egg,Importer,Odysseys,Harbor Village,Innkeeper,Swamp Shacks,Contract,Specialist,Sack of Loot,Shy,Crafters' Guild,Maelstrom,,Shy trait for Jewelled Egg
4/19/23,Wed,,,,,,,,X,,,,,X,,,,2,Acting Troupe,Sage,Storeroom,Catacombs,Count,Rebuild,Recruiter,Rogue,Seer,Villain,Fleet,,,,
4/18/23,Tue,,,,,,,,,,,X,,,,,,1,City Quarter,Overlord,Sacrifice,Temple,Archive,Capital,Charm,Crown,Legionary,Wild Hunt,Labyrinth,Annex,,,
4/17/23,Mon,X,,,,,,X,,,,,,,,,,2,Crossroads,Merchant,Village,Moneylender,Poacher,Remodel,Smithy,Bandit,Cartographer,Witch,,,,,
4/16/23,Sun,X,,X,X,,,X,X,,X,X,,,X,X,X,10,Herbalist,Maroon,Bazaar,Council Room,Cultist,Highway,Library,Livery,Margrave,Skirmisher,Quest,Fountain,,,
4/15/23,Sat,,,,X,,X,X,X,,,,X,X,X,X,X,9,Faithful Hound,Alchemist,Flag Bearer,Gondola,Horse Traders,Hunting Lodge,Swap,Swashbuckler,Altar,Farmland,Way of the Rat,Bury,,,
4/14/23,Fri,,,,,,,,,,,,,X,X,,,2,Cavalry,Groom,Inventor,Mountain Village,Research,Kiln,Old Witch,Paddock,Swashbuckler,Villain,Sewers,Star Chart,,,
4/13/23,Thu, ,,,,,,,,X,,,,X,,,,2,Lackeys,Stonemason,Masterpiece,Plaza,Herald,Butcher,Journeyman,Merchant Guild,Scepter,Sculptor,Fair,Academy,,,
4/12/23,Wed,,X,,,,,,,,,,,X,,,,2,Lackeys,Wishing Well,Ironworks,Research,Duke,Scholar,Swashbuckler,Torturer,Upgrade,Nobles,City Gate,Sinister Plot,,,
4/11/23,Tue,,,X,,,,,,,,,,,,,,1,Smugglers,Warehouse,Blockade,Caravan,Salvager,Treasure Map,Bazaar,Corsair,Pirate,Treasury,,,,,
4/10/23,Mon,X,,,X,,,,,,,,,,,,,2,Workshop,Alchemist,Militia,Golem,Bandit,Market,Mine,Sentry,Witch,Artisan,,,,,
4/9/23,Sun,,,X,,X,,X,X,,X,X,X,X,X,,,9,Overlord,Fool's Gold,Guardian,Raze,Market Square,Mountain Village,Tide Pools,Trader,War Chest,Hunting Grounds,Quest,Way of the Otter,,,
4/8/23,Sat,X,,X,,,,X,X,,,X,,,X,X,X,8,Mapmaker,Marauder,Maroon,Royal Galley,Sailor,Trader,Displace,Frigate,Mining Road,Sentry,Reckless,Museum,,,Reckless trait for Sailor
4/7/23,Fri,,,,,,,,,,,,X,,,X,X,3,Guardian,Pixie,Shaman,Broker,Royal Galley,Cobbler,Idol,Quartermaster,Specialist,Wealthy Village,Rich,Mirror,Peaceful Cult,,Rich trait for Shaman
4/6/23,Thu,,,,,,,,,,,,,X,,,X,2,Shaman,Secluded Shrine,Siren,Abundance,Crucible,Flagship,Enlarge,Frigate,Scepter,Villain,Launch,Canal,,,
4/5/23,Wed, ,,,,X,,,,,,,X,,,,,2,Faithful Hound,Changeling,Bishop,Necromancer,Worker's Village,Cursed Village,Den of Sin,Magnate,Tragic Hero,Forge,,,,,
4/4/23,Tue,,X,,,,,,,,,,,,,,,1,Courtyard,Masquerade,Steward,Swindler,Bridge,Conspirator,Mining Village,Courtier,Patrol,Trading Post,,,,,
4/3/23,Mon,X,,,,,,,,,X,,,,,,,2,Harbinger,Village,Moneylender,Ranger,Library,Lost City,Mine,Wine Merchant,Witch,Borrow,Bonfire,,,,
4/2/23,Sun,X,X,X,,,,,,X,,,X,X,X,,X,8,Lackeys,Blockade,Ironworks,Poacher,Herald,Displace,Duke,Tormentor,Villain,Raider,Inherited,Shy,,,Inherited trait for Tormentor; Shy trait for Lackeys
4/1/23,Sat,X,,,,X,,,,,X,X,X,X,X,X,X,9,Changeling,Guide,Importer,Scrap,Sheepdog,Vassal,Quarry,First Mate,Spices,War Chest,Ritual,Mountain Folk,Stampede,,
3/31/23,Fri,,,,,,,,X,,,X,,,,,,2,Patrician,Settlers,Catapult,Farmers' Market,Fortress,Marauder,Archive,Counterfeit,Junk Dealer,Rogue,Ritual,Salt the Earth,,,
3/30/23,Thu,,,X,X,,,,,,,,,,,,,2,Native Village,Monkey,Alchemist,Island,Sailor,Treasure Map,Apprentice,Outpost,Tactician,Possession,,,,,
3/29/23,Wed,,,,,,X,,,,,,,X,,,,2,Hamlet,Flag Bearer,Hideout,Research,Silk Merchant,Young Witch,Horn of Plenty,Jester,Scholar,Sculptor,City Gate,Guildhall,,,
3/28/23,Tue,,,,,,,,,,X,,,,,,,1,Amulet,Gear,Guide,Magpie,Port,Transmogrify,Artificer,Distant Lands,Royal Carriage,Storyteller,Alms,Pilgrimage,,,
3/27/23,Mon,X,,,,X,,,,,,,,,,,,2,Chapel,Workshop,Monument,Worker's Village,Crystal Ball,Laboratory,Library,Mine,Hoard,Grand Market,,,,,
3/26/23,Sun,,,X,X,X,X,,X,X,X,X,,,X,,,9,Page,Squire,Menagerie,Sea Chart,Sheepdog,Quarry,Charlatan,Journeyman,Knights,Possession,Palace,Enclave,,,
3/25/23,Sat,,,X,,,,X,X,,X,,,,X,X,X,7,Fool's Gold,Fishing Village,Ironmonger,Jack of All Trades,Miser,Herald,Cultist,Emissary,Sanctuary,Wealthy Village,Nearby,Banish,Island Folk,,Nearby trait for Emissary
3/24/23,Fri,,,,,,,X,,,X,,,,,X,,3,Page,Clashes,Forts,Sentinel,Jack of All Trades,Ranger,Distant Lands,Haggler,Wheelwright,Hireling,Trade,Lost Arts,,,
3/23/23,Thu,,,,,,X,,,,,,X,,,,,2,Druid,Faithful Hound,Fool,Leprechaun,Menagerie,Secret Cave,Den of Sin,Harvest,Horn of Plenty,Vampire,,,,,
3/22/23,Wed,,,,X,,X,,,,,,,,,,,2,Vineyard,Herbalist,Apothecary,Scrying Pool,Familiar,Farming Village,Remake,Tournament,Golem,Jester,,,,,
3/21/23,Tue,,,,,,,,,,,,,,X,,,1,Sleigh,Bounty Hunter,Cavalry,Coven,Falconer,Hunting Lodge,Paddock,Fisherman,Destrier,Animal Fair,Way of the Turtle,Stampede,,,
3/20/23,Mon,X,,,,,,,,,,,,X,,,,2,Cargo Ship,Merchant,Workshop,Moneylender,Council Room,Mine,Scholar,Seer,Spices,Artisan,Sinister Plot,Road Network,,,
3/19/23,Sun,X,,,,X,X,,,,X,X,X,,X,X,X,9,Hamlet,Augurs,Camel Train,Farmers' Market,Guide,Scrap,Village Green,Idol,Artisan,Peddler,Advance,Shy,,,Shy trait for Augurs
3/18/23,Sat,X,,,,X,,X,,,X,X,,,X,X,X,8,City Quarter,Sycophant,Gear,Sheepdog,Village,Clerk,Maroon,Berserker,Cutthroat,Souk,Way of the Worm,Triumph,Mountain Folk,,
3/17/23,Fri,,,X,X,,,,,,,,X,,,,,3,Scrying Pool,Fool,Sea Chart,Warehouse,Familiar,Necromancer,Shepherd,Apprentice,Cobbler,Tragic Hero,,,,,
3/16/23,Thu,,X,,,,,,,X,,,,,,,,2,Lurker,Pawn,Doctor,Masterpiece,Advisor,Plaza,Secret Passage,Trading Post,Upgrade,Nobles,,,,,
3/15/23,Wed,,,,,X,,,X,,,,,,,,,2,Beggar,Investment,Ironmonger,Tiara,Catacombs,Collection,Counterfeit,Junk Dealer,Hunting Grounds,Charlatan,,,,,
3/14/23,Tue,,,,,,,,,,,,,,X,,,1,Black Cat,Sleigh,Supplies,Sheepdog,Snowy Village,Groom,Barge,Gatekeeper,Kiln,Paddock,Way of the Camel,Demand,,,
3/13/23,Mon,X,,,,,,,,,,,,,,X,,2,Cellar,Harbinger,Wizards,Moneylender,Bandit,Library,Market,Modify,Sentry,Marquis,Circle of Witches,,,,
3/12/23,Sun,X,X,X,,,,,X,,X,,X,X,X,,X,9,Gear,Secret Cave,Ironworks,Island,Procession,Catacombs,Falconer,Library,Patrol,Artisan,Avoid,Sewers,,,
3/11/23,Sat,,X,X,,,X,,,X,,X,,X,X,,X,8,Settlers,Shaman,Cabin Boy,Fortune Hunter,Mill,Tournament,Figurine,Journeyman,Wharf,Wild Hunt,Way of the Pig,Cathedral,,,
3/10/23,Fri,,X,,,,,,,,,,,,X,,,2,Black Cat,Goatherd,Steward,Swindler,Bridge,Village Green,Gatekeeper,Paddock,Farm,Wayfarer,,,,,
3/9/23,Thu,,,,,,,,,,,,,,X,X,,2,Townsfolk,Goatherd,Stockpile,Underling,Bounty Hunter,Groom,Hostelry,Gatekeeper,Highwayman,Livery,Way of the Camel,Enhance,League of Bankers,,
3/8/23,Wed,,,X,,,,,,,,,X,,,,,2,Lighthouse,Pixie,Tracker,Fishing Village,Ghost Town,Caravan,Devil's Workshop,Exorcist,Bazaar,Raider,,,,,
3/7/23,Tue,,,,,,,,,,,,,X,,,,1,Ducat,Lackeys,Hideout,Inventor,Priest,Recruiter,Scepter,Sculptor,Seer,Swashbuckler,Capitalism,Road Network,,,
3/6/23,Mon,X,,,X,,,,,,,,,,,,,2,Scrying Pool,University,Merchant,Alchemist,Moneylender,Poacher,Apprentice,Laboratory,Library,Market,,,,,
3/5/23,Sun,X,,X,X,,,,,X,X,,X,X,X,,X,9,Tracker,Philosopher's Stone,Advisor,Crucible,Flag Bearer,Port,Silk Merchant,Bazaar,Butcher,Market,Stampede,Invasion,,,
3/4/23,Sat, ,,,X,X,,X,X,,X,X,X,X,,X,X,10,Settlers,University,Fool,Tunnel,Flagship,Tools,Bridge Troll,Count,Highwayman,Mint,Inspiring,Star Chart,,,Inspiring trait for Fool
3/3/23,Fri, ,,,,,,,,,,X,,,,,X,2,Engineer,City Quarter,Taskmaster,Abundance,Gondola,Sacrifice,Swamp Shacks,Villa,Groundskeeper,Pilgrim,Nearby,Museum,,,Nearby trait for Museum
3/2/23,Thu, ,,,,,,,,,,X,,X,,,,2,Overlord,Chariot Race,Experiment,Sacrifice,Charm,Forum,Legionary,Old Witch,Seer,Swashbuckler,Annex,Crop Rotation,,,
3/1/23,Wed,,,,,,X,,,X,,,,,,,,2,Hamlet,Masterpiece,Advisor,Farming Village,Taxman,Tournament,Young Witch,Baker,Butcher,Journeyman,,,,,
2/28/23,Tue,,,X,,,,,,,,,,,,,,1,Haven,Lighthouse,Fishing Village,Monkey,Island,Treasure Map,Bazaar,Corsair,Merchant Ship,Wharf,,,,,
2/27/23,Mon,X,,,X,,,,,,,,,,,,,2,Cellar,Herbalist,Harbinger,Merchant,Alchemist,Philosopher's Stone,Apprentice,Laboratory,Sentry,Witch,,,,,
2/26/23,Sun,X,,,,,,,,X,X,X,,X,X,X,X,8,Engineer,Dungeon,Doctor,Bounty Hunter,Gardens,Groom,Landing Party,Remodel,Galleria,Marquis,Piazza,Raid,,,
2/25/23,Sat,X,X,,,,X,,X,,X,X,,,X,,,7,Royal Blacksmith,Fortune Teller,Goatherd,Village,Port,Charm,Groundskeeper,Sanctuary,Altar,Nobles,Delay,March,,,
2/24/23,Fri,,,,,,,,X,,X,,,,,,,2,Page,Peasant,Magpie,Messenger,Bandit Camp,Bridge Troll,Cultist,Giant,Mystic,Rebuild,Pilgrimage,Lost Arts,,,
2/23/23,Thu,,,,X,,,,X,,,,,,,,,2,Squire,Storeroom,Alchemist,Rats,Scavenger,Apprentice,Band of Misfits,Catacombs,Counterfeit,Rogue,,,,,
2/22/23,Wed,,X,,,X,,,,,,,,,,,,2,Lurker,Watchtower,Conspirator,Courtier,Duke,Minion,Upgrade,Farm,King's Court,Peddler,,,,,
2/21/23,Tue,,,,,X,,,,,,,,,,,,1,Anvil,Monument,Tiara,Worker's Village,Charlatan,City,Magnate,Mint,Vault,War Chest,,,,,
2/20/23,Mon,X,,X,,,,,,,,,,,,,,2,Chapel,Haven,Native Village,Village,Militia,Sailor,Corsair,Library,Tactician,Artisan,,,,,
2/19/23,Sun,X,,,,,,,,X,X,X,,,X,,X,6,City Quarter,Coin of the Realm,Doctor,Duplicate,Flagship,Groom,Barge,Coven,Pilgrim,Witch,Gamble,Toil,,,
2/18/23,Sat,X,,X,,,,,X,X,X,X,X,,X,X,,9,Forts,Advisor,Cutpurse,Ranger,Remodel,Den of Sin,Journeyman,Laboratory,Paddock,Pillage,Colonnade,Conquest,,,
2/17/23,Fri,,,,,X,X,X,,,,,,,,,,3,Fortune Teller,Clerk,Nomads,Quarry,Trail,Berserker,Cauldron,Collection,Vault,Bank,,,,,
2/16/23,Thu,,,X,,,,,,,,X,,,,,,2,Engineer,Native Village,Settlers,Astrolabe,Farmers' Market,Caravan,Island,Sacrifice,Sailor,Pirate,Arena,Wall,,,
2/15/23,Wed,,,X,,,,,X,,,,,,,,,2,Beggar,Haven,Native Village,Forager,Storeroom,Warehouse,Death Cart,Scavenger,Band of Misfits,Corsair,,,,,
2/14/23,Tue,,,,,,,,,,,,X,,,,,1,Tracker,Blessed Village,Conclave,Exorcist,Necromancer,Crypt,Cursed Village,Sacred Grove,Tragic Hero,Vampire,,,,,
2/13/23,Mon,X,,,,,,,,,,,,,,X,,2,Vassal,Courier,Militia,Remodel,Capital City,Council Room,Highwayman,Library,Artisan,Marquis,,,,,
2/12/23,Sun,X,,X,,,,X,X,,X,,X,,X,X,,8,Lighthouse,Monastery,Vagrant,Amulet,Procession,Smithy,Mastermind,Stables,Altar,Marquis,,,,,
2/11/23,Sat,,,X,,X,,,,,X,X,X,,X,X,X,8,Black Cat,Haven,Innkeeper,Port,Charm,Crystal Ball,Cursed Village,Specialist,King's Cache,King's Court,Fountain,Avoid,,,
2/10/23,Fri,,,,,X,,,,,,,X,,,,,2,Guardian,Fool,Night Watchman,Blessed Village,Charlatan,Cobbler,Idol,Sacred Grove,Hoard,Expand,,,,,
2/9/23,Thu,,,,,X,,X,,,,,,,,,,2,Crossroads,Oasis,Quarry,Spice Merchant,Weaver,Mint,Rabble,Stables,Wheelwright,Farmland,,,,,
2/8/23,Wed,,,,,,X,,,,,,,,X,,,2,Supplies,Camel Train,Menagerie,Horse Traders,Remake,Village Green,Displace,Harvest,Sanctuary,Wayfarer,,,,,
2/7/23,Tue,,,,,,,,,,,,X,,,,,1,Druid,Guardian,Tracker,Night Watchman,Blessed Village,Necromancer,Skulk,Den of Sin,Idol,Sacred Grove,,,,,
2/6/23,Mon,X,,X,,,,,,,,,,,,,,2,Lookout,Merchant,Caravan,Militia,Smithy,Council Room,Festival,Outpost,Wharf,Witch,,,,,
2/5/23,Sun,,X,X,,,,,X,,X,X,X,X,X,X,X,10,Royal Blacksmith,Monastery,Experiment,Snowy Village,Conspirator,Feodum,Rope,Merchant Ship,Relic,Swap,Commerce,Demand,,,
2/4/23,Sat,,X,X,X,,,X,X,,,,X,X,X,X,X,10,Lurker,Urchin,Alchemist,Rats,Barbarian,Inn,Scepter,Tactician,Tormentor,Possession,Reckless,Way of the Mouse,,,Reckless trait for Tormentor
2/3/23,Fri,,,,,X,,X,,,X,,,,,,,3,Coin of the Realm,Raze,Oasis,Quarry,Crystal Ball,Margrave,Rabble,Wine Merchant,Border Village,Hireling,Travelling Fair,Trade,,,
2/2/23,Thu,,,,,X,,X,,,,,,,,,,2,Watchtower,Clerk,Trail,Worker's Village,Berserker,Rabble,Vault,Grand Market,Bank,Forge,,,,,
2/1/23,Wed,,,,,,,,X,,,,,,,X,,2,Poor House,Clashes,Importer,Market Square,Death Cart,Innkeeper,Wandering Minstrel,Band of Misfits,Bandit Camp,Modify,Order of Astrologers,,,,